CustomerID,Recency,Frequency,Monetary,R_Score,F_Score,M_Score,RFM_Score,RFM_Total,Segment_RuleBased,Cluster,Segment_Cluster
C00001,1,25,73849.75,5,5,5,555,15,Champions,2,Champions
C00002,71,4,4383.75,3,2,3,323,8,Needs Attention,1,Price-Sensitive / Low-Value
C00003,9,9,13806.7,5,3,4,534,12,Loyal Customers,0,At Risk
C00004,127,2,3370.41,2,1,2,212,5,Dormant / Lost,1,Price-Sensitive / Low-Value
C00005,358,3,2573.2,1,1,2,112,4,Dormant / Lost,3,Dormant / Lost
C00006,420,4,2823.77,1,2,2,122,5,Dormant / Lost,3,Dormant / Lost
C00007,41,9,15107.71,4,3,4,434,11,Loyal Customers,0,At Risk
C00008,131,8,2695.0,2,3,2,232,7,Needs Attention,1,Price-Sensitive / Low-Value
C00009,176,3,4640.32,2,1,3,213,6,Needs Attention,1,Price-Sensitive / Low-Value
C00010,306,6,3000.04,1,2,2,122,5,Dormant / Lost,3,Dormant / Lost
C00011,20,17,31130.75,5,5,5,555,15,Champions,2,Champions
C00012,16,21,64324.04,5,5,5,555,15,Champions,2,Champions
C00013,5,14,25713.85,5,4,4,544,13,Champions,2,Champions
C00014,186,9,11267.470000000001,2,3,3,233,8,At Risk,0,At Risk
C00015,207,8,12251.05,2,3,4,234,9,At Risk,0,At Risk
C00016,57,10,4068.99,4,4,3,443,11,Loyal Customers,1,Price-Sensitive / Low-Value
C00017,113,2,582.54,3,1,1,311,5,Needs Attention,1,Price-Sensitive / Low-Value
C00018,120,10,17813.76,3,4,4,344,11,Loyal Customers,0,At Risk
C00019,96,1,914.2,3,1,1,311,5,Needs Attention,1,Price-Sensitive / Low-Value
C00020,19,9,22136.53,5,3,4,534,12,Loyal Customers,2,Champions
C00021,349,3,2359.56,1,1,2,112,4,Dormant / Lost,3,Dormant / Lost
C00022,396,1,593.9,1,1,1,111,3,Dormant / Lost,3,Dormant / Lost
C00023,312,3,2286.54,1,1,2,112,4,Dormant / Lost,3,Dormant / Lost
C00024,383,1,1205.91,1,1,1,111,3,Dormant / Lost,3,Dormant / Lost
C00025,11,18,29988.72,5,5,5,555,15,Champions,2,Champions
C00026,15,29,90815.62,5,5,5,555,15,Champions,2,Champions
C00027,187,1,1681.17,2,1,1,211,4,Dormant / Lost,1,Price-Sensitive / Low-Value
C00028,508,1,962.67,1,1,1,111,3,Dormant / Lost,3,Dormant / Lost
C00029,57,15,27408.46,4,4,5,445,13,Champions,2,Champions
C00030,37,22,75984.43,4,5,5,455,14,Champions,2,Champions
C00031,371,3,2180.36,1,1,1,111,3,Dormant / Lost,3,Dormant / Lost
C00032,30,25,83231.22,5,5,5,555,15,Champions,2,Champions
C00033,151,8,11761.34,2,3,3,233,8,At Risk,0,At Risk
C00034,94,13,5105.6900000000005,3,4,3,343,10,Loyal Customers,0,At Risk
C00035,38,16,28331.72,4,5,5,455,14,Champions,2,Champions
C00036,66,16,27107.170000000002,4,5,5,455,14,Champions,2,Champions
C00037,118,8,3024.21,3,3,2,332,8,Needs Attention,1,Price-Sensitive / Low-Value
C00038,88,5,1937.57,3,2,1,321,6,Needs Attention,1,Price-Sensitive / Low-Value
C00039,389,5,3474.29,1,2,3,123,6,Needs Attention,3,Dormant / Lost
C00040,178,11,20024.37,2,4,4,244,10,At Risk,0,At Risk
C00041,12,28,87009.72,5,5,5,555,15,Champions,2,Champions
C00042,66,9,3335.27,4,3,2,432,9,Needs Attention,1,Price-Sensitive / Low-Value
C00043,53,2,2104.19,4,1,1,411,6,New Customers,1,Price-Sensitive / Low-Value
C00044,48,19,35809.59,4,5,5,455,14,Champions,2,Champions
C00045,47,6,2846.59,4,2,2,422,8,New Customers,1,Price-Sensitive / Low-Value
C00046,38,14,24988.37,4,4,4,444,12,Champions,2,Champions
C00047,20,8,14988.61,5,3,4,534,12,Loyal Customers,0,At Risk
C00048,34,21,40566.07,4,5,5,455,14,Champions,2,Champions
C00049,144,10,19064.9,2,4,4,244,10,At Risk,0,At Risk
C00050,175,14,21786.53,2,4,4,244,10,At Risk,0,At Risk
C00051,69,5,5320.97,4,2,3,423,9,New Customers,1,Price-Sensitive / Low-Value
C00052,53,6,2240.37,4,2,1,421,7,New Customers,1,Price-Sensitive / Low-Value
C00053,382,4,3737.38,1,2,3,123,6,Needs Attention,3,Dormant / Lost
C00054,56,12,17530.74,4,4,4,444,12,Champions,0,At Risk
C00055,16,13,43314.26,5,4,5,545,14,Champions,2,Champions
C00056,8,25,87654.36,5,5,5,555,15,Champions,2,Champions
C00057,62,17,32595.61,4,5,5,455,14,Champions,2,Champions
C00058,75,7,2492.75,3,3,2,332,8,Needs Attention,1,Price-Sensitive / Low-Value
C00059,118,3,1108.33,3,1,1,311,5,Needs Attention,1,Price-Sensitive / Low-Value
C00060,174,4,1674.5900000000001,2,2,1,221,5,Dormant / Lost,1,Price-Sensitive / Low-Value
C00061,48,13,17642.13,4,4,4,444,12,Champions,2,Champions
C00062,179,8,16868.61,2,3,4,234,9,At Risk,0,At Risk
C00063,181,2,1716.42,2,1,1,211,4,Dormant / Lost,1,Price-Sensitive / Low-Value
C00064,14,18,57186.02,5,5,5,555,15,Champions,2,Champions
C00065,24,7,2520.05,5,3,2,532,10,Needs Attention,1,Price-Sensitive / Low-Value
C00066,462,4,3047.0299999999997,1,2,2,122,5,Dormant / Lost,3,Dormant / Lost
C00067,105,7,13685.470000000001,3,3,4,334,10,Loyal Customers,0,At Risk
C00068,49,7,2735.4300000000003,4,3,2,432,9,Needs Attention,1,Price-Sensitive / Low-Value
C00069,203,1,930.84,2,1,1,211,4,Dormant / Lost,3,Dormant / Lost
C00070,54,18,30315.13,4,5,5,455,14,Champions,2,Champions
C00071,115,7,2792.41,3,3,2,332,8,Needs Attention,1,Price-Sensitive / Low-Value
C00072,149,9,13980.74,2,3,4,234,9,At Risk,0,At Risk
C00073,20,26,79471.4,5,5,5,555,15,Champions,2,Champions
C00074,177,7,3612.2000000000003,2,3,3,233,8,At Risk,1,Price-Sensitive / Low-Value
C00075,408,6,2978.74,1,2,2,122,5,Dormant / Lost,3,Dormant / Lost
C00076,130,14,19283.54,2,4,4,244,10,At Risk,0,At Risk
C00077,146,10,14651.12,2,4,4,244,10,At Risk,0,At Risk
C00078,257,4,3542.7200000000003,1,2,3,123,6,Needs Attention,3,Dormant / Lost
C00079,83,2,1764.23,3,1,1,311,5,Needs Attention,1,Price-Sensitive / Low-Value
C00080,140,7,2818.51,2,3,2,232,7,Needs Attention,1,Price-Sensitive / Low-Value
C00081,58,9,17118.59,4,3,4,434,11,Loyal Customers,0,At Risk
C00082,269,5,4714.51,1,2,3,123,6,Needs Attention,3,Dormant / Lost
C00083,9,17,30938.489999999998,5,5,5,555,15,Champions,2,Champions
C00084,147,3,1421.56,2,1,1,211,4,Dormant / Lost,1,Price-Sensitive / Low-Value
C00085,14,22,73823.82,5,5,5,555,15,Champions,2,Champions
C00086,124,6,1895.1100000000001,3,2,1,321,6,Needs Attention,1,Price-Sensitive / Low-Value
C00087,91,13,26008.329999999998,3,4,5,345,12,Loyal Customers,0,At Risk
C00088,36,3,4556.32,4,1,3,413,8,New Customers,1,Price-Sensitive / Low-Value
C00089,204,10,14372.65,2,4,4,244,10,At Risk,0,At Risk
C00090,23,20,34081.729999999996,5,5,5,555,15,Champions,2,Champions
C00091,190,5,1492.03,2,2,1,221,5,Dormant / Lost,1,Price-Sensitive / Low-Value
C00092,400,6,3191.69,1,2,2,122,5,Dormant / Lost,3,Dormant / Lost
C00093,307,3,1903.79,1,1,1,111,3,Dormant / Lost,3,Dormant / Lost
C00094,25,23,43047.4,5,5,5,555,15,Champions,2,Champions
C00095,146,8,2907.91,2,3,2,232,7,Needs Attention,1,Price-Sensitive / Low-Value
C00096,83,7,2389.7799999999997,3,3,2,332,8,Needs Attention,1,Price-Sensitive / Low-Value
C00097,140,7,13014.59,2,3,4,234,9,At Risk,0,At Risk
C00098,26,28,93025.99,5,5,5,555,15,Champions,2,Champions
C00099,165,9,3998.35,2,3,3,233,8,At Risk,0,At Risk
C00100,429,5,4704.14,1,2,3,123,6,Needs Attention,3,Dormant / Lost
C00101,110,6,2470.99,3,2,2,322,7,Needs Attention,1,Price-Sensitive / Low-Value
C00102,36,6,5608.57,4,2,3,423,9,New Customers,1,Price-Sensitive / Low-Value
C00103,42,1,1120.05,4,1,1,411,6,New Customers,1,Price-Sensitive / Low-Value
C00104,68,17,29007.88,4,5,5,455,14,Champions,2,Champions
C00105,142,5,2346.58,2,2,2,222,6,Dormant / Lost,1,Price-Sensitive / Low-Value
C00106,136,4,1617.72,2,2,1,221,5,Dormant / Lost,1,Price-Sensitive / Low-Value
C00107,23,14,24190.86,5,4,4,544,13,Champions,2,Champions
C00108,306,3,2268.87,1,1,2,112,4,Dormant / Lost,3,Dormant / Lost
C00109,36,13,21348.489999999998,4,4,4,444,12,Champions,2,Champions
C00110,361,3,1734.56,1,1,1,111,3,Dormant / Lost,3,Dormant / Lost
C00111,182,5,7757.58,2,2,3,223,7,Needs Attention,1,Price-Sensitive / Low-Value
C00112,13,10,16754.79,5,4,4,544,13,Champions,0,At Risk
C00113,179,8,13379.99,2,3,4,234,9,At Risk,0,At Risk
C00114,152,3,3805.79,2,1,3,213,6,Needs Attention,1,Price-Sensitive / Low-Value
C00115,47,27,81733.1,4,5,5,455,14,Champions,2,Champions
C00116,168,1,908.39,2,1,1,211,4,Dormant / Lost,1,Price-Sensitive / Low-Value
C00117,115,8,2804.58,3,3,2,332,8,Needs Attention,1,Price-Sensitive / Low-Value
C00118,164,2,839.49,2,1,1,211,4,Dormant / Lost,1,Price-Sensitive / Low-Value
C00119,22,34,103808.55,5,5,5,555,15,Champions,2,Champions
C00120,248,1,808.3,1,1,1,111,3,Dormant / Lost,3,Dormant / Lost
C00121,7,25,85002.52,5,5,5,555,15,Champions,2,Champions
C00122,100,8,3655.11,3,3,3,333,9,Loyal Customers,1,Price-Sensitive / Low-Value
C00123,15,19,62886.18,5,5,5,555,15,Champions,2,Champions
C00124,298,7,5459.27,1,3,3,133,7,At Risk,3,Dormant / Lost
C00125,90,4,1933.22,3,2,1,321,6,Needs Attention,1,Price-Sensitive / Low-Value
C00126,24,4,5762.44,5,2,3,523,10,New Customers,1,Price-Sensitive / Low-Value
C00127,53,2,2321.27,4,1,2,412,7,New Customers,1,Price-Sensitive / Low-Value
C00128,23,14,25577.98,5,4,4,544,13,Champions,2,Champions
C00129,122,13,21589.34,3,4,4,344,11,Loyal Customers,0,At Risk
C00130,387,6,5666.33,1,2,3,123,6,Needs Attention,3,Dormant / Lost
C00131,493,2,1214.25,1,1,1,111,3,Dormant / Lost,3,Dormant / Lost
C00132,17,29,91815.48,5,5,5,555,15,Champions,2,Champions
C00133,175,3,1435.79,2,1,1,211,4,Dormant / Lost,1,Price-Sensitive / Low-Value
C00134,36,8,3356.63,4,3,2,432,9,Needs Attention,1,Price-Sensitive / Low-Value
C00135,61,8,3744.3,4,3,3,433,10,Loyal Customers,1,Price-Sensitive / Low-Value
C00136,50,17,33579.79,4,5,5,455,14,Champions,2,Champions
C00137,75,26,49795.13,3,5,5,355,13,Loyal Customers,2,Champions
C00138,100,12,21604.37,3,4,4,344,11,Loyal Customers,0,At Risk
C00139,381,7,5211.27,1,3,3,133,7,At Risk,3,Dormant / Lost
C00140,36,3,3639.34,4,1,3,413,8,New Customers,1,Price-Sensitive / Low-Value
C00141,76,2,2838.08,3,1,2,312,6,Needs Attention,1,Price-Sensitive / Low-Value
C00142,279,3,2534.07,1,1,2,112,4,Dormant / Lost,3,Dormant / Lost
C00143,133,5,1804.51,2,2,1,221,5,Dormant / Lost,1,Price-Sensitive / Low-Value
C00144,507,2,1512.3,1,1,1,111,3,Dormant / Lost,3,Dormant / Lost
C00145,28,3,3887.13,5,1,3,513,9,New Customers,1,Price-Sensitive / Low-Value
C00146,41,13,23751.41,4,4,4,444,12,Champions,2,Champions
C00147,339,9,7241.84,1,3,3,133,7,At Risk,3,Dormant / Lost
C00148,51,3,4400.35,4,1,3,413,8,New Customers,1,Price-Sensitive / Low-Value
C00149,45,16,30248.67,4,5,5,455,14,Champions,2,Champions
C00150,112,12,16410.85,3,4,4,344,11,Loyal Customers,0,At Risk
C00151,6,34,109348.52,5,5,5,555,15,Champions,2,Champions
C00152,68,2,1864.85,4,1,1,411,6,New Customers,1,Price-Sensitive / Low-Value
C00153,228,1,1113.38,1,1,1,111,3,Dormant / Lost,3,Dormant / Lost
C00154,424,7,4257.95,1,3,3,133,7,At Risk,3,Dormant / Lost
C00155,374,6,3532.5,1,2,3,123,6,Needs Attention,3,Dormant / Lost
C00156,36,13,22704.01,4,4,4,444,12,Champions,2,Champions
C00157,216,11,19156.77,1,4,4,144,9,At Risk,0,At Risk
C00158,25,27,84365.01,5,5,5,555,15,Champions,2,Champions
C00159,395,3,1663.67,1,1,1,111,3,Dormant / Lost,3,Dormant / Lost
C00160,163,16,23341.95,2,5,4,254,11,At Risk,0,At Risk
C00161,91,11,4906.43,3,4,3,343,10,Loyal Customers,0,At Risk
C00162,42,10,2898.46,4,4,2,442,10,Needs Attention,1,Price-Sensitive / Low-Value
C00163,147,12,19308.62,2,4,4,244,10,At Risk,0,At Risk
C00164,142,10,17537.69,2,4,4,244,10,At Risk,0,At Risk
C00165,480,1,978.23,1,1,1,111,3,Dormant / Lost,3,Dormant / Lost
C00166,398,2,2333.88,1,1,2,112,4,Dormant / Lost,3,Dormant / Lost
C00167,154,11,20590.55,2,4,4,244,10,At Risk,0,At Risk
C00168,66,2,3147.8,4,1,2,412,7,New Customers,1,Price-Sensitive / Low-Value
C00169,483,2,1166.94,1,1,1,111,3,Dormant / Lost,3,Dormant / Lost
C00170,10,26,82928.58,5,5,5,555,15,Champions,2,Champions
C00171,242,6,8062.139999999999,1,2,3,123,6,Needs Attention,0,At Risk
C00172,35,13,22785.12,4,4,4,444,12,Champions,2,Champions
C00173,107,2,2742.45,3,1,2,312,6,Needs Attention,1,Price-Sensitive / Low-Value
C00174,22,23,71500.18,5,5,5,555,15,Champions,2,Champions
C00175,155,12,19039.82,2,4,4,244,10,At Risk,0,At Risk
C00176,38,23,42593.07,4,5,5,455,14,Champions,2,Champions
C00177,19,4,4618.5199999999995,5,2,3,523,10,New Customers,1,Price-Sensitive / Low-Value
C00178,178,5,3326.57,2,2,2,222,6,Dormant / Lost,1,Price-Sensitive / Low-Value
C00179,279,6,5129.36,1,2,3,123,6,Needs Attention,3,Dormant / Lost
C00180,278,2,1149.46,1,1,1,111,3,Dormant / Lost,3,Dormant / Lost
C00181,50,6,2473.62,4,2,2,422,8,New Customers,1,Price-Sensitive / Low-Value
C00182,6,33,98970.69,5,5,5,555,15,Champions,2,Champions
C00183,21,14,25643.53,5,4,4,544,13,Champions,2,Champions
C00184,261,3,2217.11,1,1,1,111,3,Dormant / Lost,3,Dormant / Lost
C00185,121,13,22412.440000000002,3,4,4,344,11,Loyal Customers,0,At Risk
C00186,30,12,20743.21,5,4,4,544,13,Champions,2,Champions
C00187,145,7,3090.75,2,3,2,232,7,Needs Attention,1,Price-Sensitive / Low-Value
C00188,119,15,21844.21,3,4,4,344,11,Loyal Customers,0,At Risk
C00189,33,13,20155.239999999998,4,4,4,444,12,Champions,2,Champions
C00190,107,5,3599.54,3,2,3,323,8,Needs Attention,1,Price-Sensitive / Low-Value
C00191,333,4,3314.13,1,2,2,122,5,Dormant / Lost,3,Dormant / Lost
C00192,141,17,29475.55,2,5,5,255,12,At Risk,0,At Risk
C00193,404,3,2619.3,1,1,2,112,4,Dormant / Lost,3,Dormant / Lost
C00194,80,7,2001.96,3,3,1,331,7,Needs Attention,1,Price-Sensitive / Low-Value
C00195,18,12,4630.29,5,4,3,543,12,Loyal Customers,0,At Risk
C00196,26,24,75691.68000000001,5,5,5,555,15,Champions,2,Champions
C00197,38,13,23044.71,4,4,4,444,12,Champions,2,Champions
C00198,151,5,1969.4699999999998,2,2,1,221,5,Dormant / Lost,1,Price-Sensitive / Low-Value
C00199,375,2,1724.8400000000001,1,1,1,111,3,Dormant / Lost,3,Dormant / Lost
C00200,73,3,994.9300000000001,3,1,1,311,5,Needs Attention,1,Price-Sensitive / Low-Value
C00201,38,21,37117.12,4,5,5,455,14,Champions,2,Champions
C00202,44,16,25721.53,4,5,4,454,13,Champions,2,Champions
C00203,494,5,4137.74,1,2,3,123,6,Needs Attention,3,Dormant / Lost
C00204,5,22,39119.43,5,5,5,555,15,Champions,2,Champions
C00205,107,3,3698.98,3,1,3,313,7,Needs Attention,1,Price-Sensitive / Low-Value
C00206,16,25,81892.33,5,5,5,555,15,Champions,2,Champions
C00207,12,15,28006.43,5,4,5,545,14,Champions,2,Champions
C00208,27,7,2637.23,5,3,2,532,10,Needs Attention,1,Price-Sensitive / Low-Value
C00209,110,10,4506.62,3,4,3,343,10,Loyal Customers,0,At Risk
C00210,159,6,9434.73,2,2,3,223,7,Needs Attention,0,At Risk
C00211,33,14,23714.37,4,4,4,444,12,Champions,2,Champions
C00212,230,4,3023.06,1,2,2,122,5,Dormant / Lost,3,Dormant / Lost
C00213,43,10,17882.89,4,4,4,444,12,Champions,0,At Risk
C00214,113,2,3349.79,3,1,2,312,6,Needs Attention,1,Price-Sensitive / Low-Value
C00215,409,3,1671.83,1,1,1,111,3,Dormant / Lost,3,Dormant / Lost
C00216,22,17,30806.45,5,5,5,555,15,Champions,2,Champions
C00217,202,3,2022.5900000000001,2,1,1,211,4,Dormant / Lost,1,Price-Sensitive / Low-Value
C00218,47,13,24010.22,4,4,4,444,12,Champions,2,Champions
C00219,22,2,1596.22,5,1,1,511,7,New Customers,1,Price-Sensitive / Low-Value
C00220,129,8,15698.55,2,3,4,234,9,At Risk,0,At Risk
C00221,316,3,1731.09,1,1,1,111,3,Dormant / Lost,3,Dormant / Lost
C00222,14,10,17597.4,5,4,4,544,13,Champions,2,Champions
C00223,190,11,18721.25,2,4,4,244,10,At Risk,0,At Risk
C00224,268,6,4722.21,1,2,3,123,6,Needs Attention,3,Dormant / Lost
C00225,191,1,1039.98,2,1,1,211,4,Dormant / Lost,1,Price-Sensitive / Low-Value
C00226,251,1,1177.96,1,1,1,111,3,Dormant / Lost,3,Dormant / Lost
C00227,45,16,24408.86,4,5,4,454,13,Champions,2,Champions
C00228,35,7,1765.25,4,3,1,431,8,Needs Attention,1,Price-Sensitive / Low-Value
C00229,17,18,59311.41,5,5,5,555,15,Champions,2,Champions
C00230,25,27,87268.27,5,5,5,555,15,Champions,2,Champions
C00231,128,9,3782.51,2,3,3,233,8,At Risk,1,Price-Sensitive / Low-Value
C00232,162,8,11601.84,2,3,3,233,8,At Risk,0,At Risk
C00233,429,1,602.97,1,1,1,111,3,Dormant / Lost,3,Dormant / Lost
C00234,541,4,4140.34,1,2,3,123,6,Needs Attention,3,Dormant / Lost
C00235,186,5,1881.96,2,2,1,221,5,Dormant / Lost,1,Price-Sensitive / Low-Value
C00236,266,2,1564.2,1,1,1,111,3,Dormant / Lost,3,Dormant / Lost
C00237,22,7,1988.01,5,3,1,531,9,Needs Attention,1,Price-Sensitive / Low-Value
C00238,30,10,21487.45,5,4,4,544,13,Champions,2,Champions
C00239,115,9,2922.25,3,3,2,332,8,Needs Attention,1,Price-Sensitive / Low-Value
C00240,22,12,21277.64,5,4,4,544,13,Champions,2,Champions
C00241,224,14,24597.09,1,4,4,144,9,At Risk,0,At Risk
C00242,259,4,2845.68,1,2,2,122,5,Dormant / Lost,3,Dormant / Lost
C00243,65,3,3049.17,4,1,2,412,7,New Customers,1,Price-Sensitive / Low-Value
C00244,423,5,4063.9999999999995,1,2,3,123,6,Needs Attention,3,Dormant / Lost
C00245,77,12,22672.41,3,4,4,344,11,Loyal Customers,0,At Risk
C00246,76,6,2343.12,3,2,2,322,7,Needs Attention,1,Price-Sensitive / Low-Value
C00247,30,17,32094.059999999998,5,5,5,555,15,Champions,2,Champions
C00248,136,7,3005.79,2,3,2,232,7,Needs Attention,1,Price-Sensitive / Low-Value
C00249,98,7,2803.33,3,3,2,332,8,Needs Attention,1,Price-Sensitive / Low-Value
C00250,148,7,3445.56,2,3,3,233,8,At Risk,1,Price-Sensitive / Low-Value
C00251,33,13,25183.7,4,4,4,444,12,Champions,2,Champions
C00252,18,30,91452.19,5,5,5,555,15,Champions,2,Champions
C00253,14,18,31443.55,5,5,5,555,15,Champions,2,Champions
C00254,70,3,1018.54,3,1,1,311,5,Needs Attention,1,Price-Sensitive / Low-Value
C00255,414,6,3911.86,1,2,3,123,6,Needs Attention,3,Dormant / Lost
C00256,46,16,28949.2,4,5,5,455,14,Champions,2,Champions
C00257,108,11,4552.27,3,4,3,343,10,Loyal Customers,0,At Risk
C00258,375,3,3444.75,1,1,2,112,4,Dormant / Lost,3,Dormant / Lost
C00259,30,2,1894.0700000000002,5,1,1,511,7,New Customers,1,Price-Sensitive / Low-Value
C00260,125,4,1797.76,2,2,1,221,5,Dormant / Lost,1,Price-Sensitive / Low-Value
C00261,157,2,1486.98,2,1,1,211,4,Dormant / Lost,1,Price-Sensitive / Low-Value
C00262,28,11,20010.75,5,4,4,544,13,Champions,2,Champions
C00263,179,11,15948.26,2,4,4,244,10,At Risk,0,At Risk
C00264,19,18,57224.82,5,5,5,555,15,Champions,2,Champions
C00265,241,6,4710.9,1,2,3,123,6,Needs Attention,3,Dormant / Lost
C00266,441,4,2962.2999999999997,1,2,2,122,5,Dormant / Lost,3,Dormant / Lost
C00267,81,7,2768.5499999999997,3,3,2,332,8,Needs Attention,1,Price-Sensitive / Low-Value
C00268,43,23,74869.9,4,5,5,455,14,Champions,2,Champions
C00269,103,3,2979.66,3,1,2,312,6,Needs Attention,1,Price-Sensitive / Low-Value
C00270,46,10,20357.89,4,4,4,444,12,Champions,0,At Risk
C00271,18,27,84026.4,5,5,5,555,15,Champions,2,Champions
C00272,74,4,1417.32,3,2,1,321,6,Needs Attention,1,Price-Sensitive / Low-Value
C00273,340,4,2491.96,1,2,2,122,5,Dormant / Lost,3,Dormant / Lost
C00274,291,8,5570.82,1,3,3,133,7,At Risk,3,Dormant / Lost
C00275,105,4,1859.1100000000001,3,2,1,321,6,Needs Attention,1,Price-Sensitive / Low-Value
C00276,63,9,17434.53,4,3,4,434,11,Loyal Customers,0,At Risk
C00277,20,14,26692.55,5,4,5,545,14,Champions,2,Champions
C00278,244,12,21110.56,1,4,4,144,9,At Risk,0,At Risk
C00279,188,1,285.23,2,1,1,211,4,Dormant / Lost,1,Price-Sensitive / Low-Value
C00280,364,5,4285.68,1,2,3,123,6,Needs Attention,3,Dormant / Lost
C00281,184,9,15925.35,2,3,4,234,9,At Risk,0,At Risk
C00282,176,14,19199.17,2,4,4,244,10,At Risk,0,At Risk
C00283,11,28,89303.74,5,5,5,555,15,Champions,2,Champions
C00284,204,7,11178.220000000001,2,3,3,233,8,At Risk,0,At Risk
C00285,169,2,2932.13,2,1,2,212,5,Dormant / Lost,1,Price-Sensitive / Low-Value
C00286,7,16,28218.07,5,5,5,555,15,Champions,2,Champions
C00287,47,3,3764.3,4,1,3,413,8,New Customers,1,Price-Sensitive / Low-Value
C00288,265,5,4636.92,1,2,3,123,6,Needs Attention,3,Dormant / Lost
C00289,65,8,3326.5,4,3,2,432,9,Needs Attention,1,Price-Sensitive / Low-Value
C00290,18,34,104853.32,5,5,5,555,15,Champions,2,Champions
C00291,9,16,30099.28,5,5,5,555,15,Champions,2,Champions
C00292,60,5,5247.9400000000005,4,2,3,423,9,New Customers,1,Price-Sensitive / Low-Value
C00293,206,10,18442.1,2,4,4,244,10,At Risk,0,At Risk
C00294,221,9,14042.560000000001,1,3,4,134,8,At Risk,0,At Risk
C00295,163,3,4036.95,2,1,3,213,6,Needs Attention,1,Price-Sensitive / Low-Value
C00296,118,8,2580.0099999999998,3,3,2,332,8,Needs Attention,1,Price-Sensitive / Low-Value
C00297,142,5,2280.64,2,2,2,222,6,Dormant / Lost,1,Price-Sensitive / Low-Value
C00298,139,8,14962.15,2,3,4,234,9,At Risk,0,At Risk
C00299,262,5,2556.85,1,2,2,122,5,Dormant / Lost,3,Dormant / Lost
C00300,151,9,11634.64,2,3,3,233,8,At Risk,0,At Risk
C00301,44,25,87535.49,4,5,5,455,14,Champions,2,Champions
C00302,42,1,1087.01,4,1,1,411,6,New Customers,1,Price-Sensitive / Low-Value
C00303,100,10,4848.21,3,4,3,343,10,Loyal Customers,0,At Risk
C00304,347,3,2660.55,1,1,2,112,4,Dormant / Lost,3,Dormant / Lost
C00305,87,8,3429.41,3,3,2,332,8,Needs Attention,1,Price-Sensitive / Low-Value
C00306,380,6,3666.3,1,2,3,123,6,Needs Attention,3,Dormant / Lost
C00307,302,4,2362.71,1,2,2,122,5,Dormant / Lost,3,Dormant / Lost
C00308,113,6,3246.16,3,2,2,322,7,Needs Attention,1,Price-Sensitive / Low-Value
C00309,70,1,935.32,3,1,1,311,5,Needs Attention,1,Price-Sensitive / Low-Value
C00310,72,2,1904.32,3,1,1,311,5,Needs Attention,1,Price-Sensitive / Low-Value
C00311,76,5,4548.64,3,2,3,323,8,Needs Attention,1,Price-Sensitive / Low-Value
C00312,38,4,1446.39,4,2,1,421,7,New Customers,1,Price-Sensitive / Low-Value
C00313,82,21,34142.2,3,5,5,355,13,Loyal Customers,2,Champions
C00314,188,7,2711.99,2,3,2,232,7,Needs Attention,1,Price-Sensitive / Low-Value
C00315,45,12,19141.55,4,4,4,444,12,Champions,2,Champions
C00316,236,1,1512.4,1,1,1,111,3,Dormant / Lost,3,Dormant / Lost
C00317,50,15,27050.52,4,5,5,455,14,Champions,2,Champions
C00318,78,6,2495.23,3,2,2,322,7,Needs Attention,1,Price-Sensitive / Low-Value
C00319,344,6,3173.46,1,2,2,122,5,Dormant / Lost,3,Dormant / Lost
C00320,208,12,20066.57,2,4,4,244,10,At Risk,0,At Risk
C00321,81,12,19696.52,3,4,4,344,11,Loyal Customers,0,At Risk
C00322,212,7,10695.25,2,3,3,233,8,At Risk,0,At Risk
C00323,65,9,4762.71,4,3,3,433,10,Loyal Customers,1,Price-Sensitive / Low-Value
C00324,193,16,26724.28,2,5,5,255,12,At Risk,0,At Risk
C00325,56,17,34610.08,4,5,5,455,14,Champions,2,Champions
C00326,31,16,26000.170000000002,5,5,4,554,14,Champions,2,Champions
C00327,66,4,3109.57,4,2,2,422,8,New Customers,1,Price-Sensitive / Low-Value
C00328,19,17,31550.29,5,5,5,555,15,Champions,2,Champions
C00329,55,6,3032.92,4,2,2,422,8,New Customers,1,Price-Sensitive / Low-Value
C00330,18,25,82787.64,5,5,5,555,15,Champions,2,Champions
C00331,173,5,2031.78,2,2,1,221,5,Dormant / Lost,1,Price-Sensitive / Low-Value
C00332,110,14,25811.3,3,4,4,344,11,Loyal Customers,0,At Risk
C00333,228,1,1461.88,1,1,1,111,3,Dormant / Lost,3,Dormant / Lost
C00334,130,8,13368.41,2,3,4,234,9,At Risk,0,At Risk
C00335,71,8,2451.87,3,3,2,332,8,Needs Attention,1,Price-Sensitive / Low-Value
C00336,421,2,1386.1100000000001,1,1,1,111,3,Dormant / Lost,3,Dormant / Lost
C00337,261,3,1730.81,1,1,1,111,3,Dormant / Lost,3,Dormant / Lost
C00338,92,7,2930.71,3,3,2,332,8,Needs Attention,1,Price-Sensitive / Low-Value
C00339,34,4,4459.24,4,2,3,423,9,New Customers,1,Price-Sensitive / Low-Value
C00340,248,2,461.63,1,1,1,111,3,Dormant / Lost,3,Dormant / Lost
C00341,121,8,3198.59,3,3,2,332,8,Needs Attention,1,Price-Sensitive / Low-Value
C00342,17,14,23924.71,5,4,4,544,13,Champions,2,Champions
C00343,89,5,4683.53,3,2,3,323,8,Needs Attention,1,Price-Sensitive / Low-Value
C00344,190,10,15359.33,2,4,4,244,10,At Risk,0,At Risk
C00345,54,19,34153.38,4,5,5,455,14,Champions,2,Champions
C00346,98,15,22009.329999999998,3,5,4,354,12,Loyal Customers,0,At Risk
C00347,45,14,23265.3,4,4,4,444,12,Champions,2,Champions
C00348,190,5,5136.24,2,2,3,223,7,Needs Attention,1,Price-Sensitive / Low-Value
C00349,45,17,31554.28,4,5,5,455,14,Champions,2,Champions
C00350,17,15,27079.489999999998,5,5,5,555,15,Champions,2,Champions
C00351,14,14,23215.87,5,4,4,544,13,Champions,2,Champions
C00352,61,5,2190.1,4,2,1,421,7,New Customers,1,Price-Sensitive / Low-Value
C00353,82,6,2636.62,3,2,2,322,7,Needs Attention,1,Price-Sensitive / Low-Value
C00354,100,11,18096.9,3,4,4,344,11,Loyal Customers,0,At Risk
C00355,29,33,109005.15,5,5,5,555,15,Champions,2,Champions
C00356,54,12,21765.68,4,4,4,444,12,Champions,2,Champions
C00357,480,2,1360.06,1,1,1,111,3,Dormant / Lost,3,Dormant / Lost
C00358,58,2,2667.85,4,1,2,412,7,New Customers,1,Price-Sensitive / Low-Value
C00359,32,4,3760.6400000000003,5,2,3,523,10,New Customers,1,Price-Sensitive / Low-Value
C00360,17,25,80904.55,5,5,5,555,15,Champions,2,Champions
C00361,100,8,4303.14,3,3,3,333,9,Loyal Customers,1,Price-Sensitive / Low-Value
C00362,184,2,2165.23,2,1,1,211,4,Dormant / Lost,1,Price-Sensitive / Low-Value
C00363,33,20,35560.02,4,5,5,455,14,Champions,2,Champions
C00364,31,19,35344.77,5,5,5,555,15,Champions,2,Champions
C00365,158,9,15456.869999999999,2,3,4,234,9,At Risk,0,At Risk
C00366,415,3,2267.65,1,1,2,112,4,Dormant / Lost,3,Dormant / Lost
C00367,384,5,3471.82,1,2,3,123,6,Needs Attention,3,Dormant / Lost
C00368,23,8,3586.09,5,3,3,533,11,Loyal Customers,1,Price-Sensitive / Low-Value
C00369,87,6,2050.9,3,2,1,321,6,Needs Attention,1,Price-Sensitive / Low-Value
C00370,14,18,32853.09,5,5,5,555,15,Champions,2,Champions
C00371,42,6,2880.23,4,2,2,422,8,New Customers,1,Price-Sensitive / Low-Value
C00372,115,7,3034.91,3,3,2,332,8,Needs Attention,1,Price-Sensitive / Low-Value
C00373,28,23,43064.37,5,5,5,555,15,Champions,2,Champions
C00374,427,9,5446.11,1,3,3,133,7,At Risk,3,Dormant / Lost
C00375,20,14,26184.77,5,4,5,545,14,Champions,2,Champions
C00376,122,14,24373.35,3,4,4,344,11,Loyal Customers,0,At Risk
C00377,153,6,2239.51,2,2,1,221,5,Dormant / Lost,1,Price-Sensitive / Low-Value
C00378,93,7,2786.04,3,3,2,332,8,Needs Attention,1,Price-Sensitive / Low-Value
C00379,111,5,1881.6299999999999,3,2,1,321,6,Needs Attention,1,Price-Sensitive / Low-Value
C00380,44,11,23583.47,4,4,4,444,12,Champions,2,Champions
C00381,455,4,1913.9,1,2,1,121,4,Dormant / Lost,3,Dormant / Lost
C00382,50,5,6062.65,4,2,3,423,9,New Customers,1,Price-Sensitive / Low-Value
C00383,124,4,3961.44,3,2,3,323,8,Needs Attention,1,Price-Sensitive / Low-Value
C00384,213,3,1460.9099999999999,2,1,1,211,4,Dormant / Lost,1,Price-Sensitive / Low-Value
C00385,111,8,2939.34,3,3,2,332,8,Needs Attention,1,Price-Sensitive / Low-Value
C00386,38,11,16919.3,4,4,4,444,12,Champions,0,At Risk
C00387,61,6,2738.66,4,2,2,422,8,New Customers,1,Price-Sensitive / Low-Value
C00388,31,20,35237.3,5,5,5,555,15,Champions,2,Champions
C00389,21,24,74810.45,5,5,5,555,15,Champions,2,Champions
C00390,94,10,15927.61,3,4,4,344,11,Loyal Customers,0,At Risk
C00391,388,4,2316.31,1,2,2,122,5,Dormant / Lost,3,Dormant / Lost
C00392,47,15,27949.18,4,5,5,455,14,Champions,2,Champions
C00393,191,7,2256.35,2,3,1,231,6,Needs Attention,1,Price-Sensitive / Low-Value
C00394,33,16,31502.01,4,5,5,455,14,Champions,2,Champions
C00395,83,6,2468.4,3,2,2,322,7,Needs Attention,1,Price-Sensitive / Low-Value
C00396,60,5,7313.98,4,2,3,423,9,New Customers,1,Price-Sensitive / Low-Value
C00397,30,4,1312.26,5,2,1,521,8,New Customers,1,Price-Sensitive / Low-Value
C00398,66,14,28717.989999999998,4,4,5,445,13,Champions,2,Champions
C00399,72,6,2468.15,3,2,2,322,7,Needs Attention,1,Price-Sensitive / Low-Value
C00400,307,3,1778.75,1,1,1,111,3,Dormant / Lost,3,Dormant / Lost
C00401,55,6,2314.04,4,3,2,432,9,Needs Attention,1,Price-Sensitive / Low-Value
C00402,24,3,3709.02,5,1,3,513,9,New Customers,1,Price-Sensitive / Low-Value
C00403,135,2,1376.55,2,1,1,211,4,Dormant / Lost,1,Price-Sensitive / Low-Value
C00404,15,34,119316.75,5,5,5,555,15,Champions,2,Champions
C00405,103,10,3103.89,3,4,2,342,9,Needs Attention,1,Price-Sensitive / Low-Value
C00406,301,8,4680.03,1,3,3,133,7,At Risk,3,Dormant / Lost
C00407,10,28,94297.48,5,5,5,555,15,Champions,2,Champions
C00408,8,2,2320.08,5,1,2,512,8,New Customers,1,Price-Sensitive / Low-Value
C00409,108,15,25224.88,3,5,4,354,12,Loyal Customers,0,At Risk
C00410,46,4,5056.5,4,2,3,423,9,New Customers,1,Price-Sensitive / Low-Value
C00411,57,5,1916.25,4,2,1,421,7,New Customers,1,Price-Sensitive / Low-Value
C00412,229,18,31673.39,1,5,5,155,11,At Risk,0,At Risk
C00413,96,3,3284.64,3,1,2,312,6,Needs Attention,1,Price-Sensitive / Low-Value
C00414,43,21,38634.25,4,5,5,455,14,Champions,2,Champions
C00415,184,9,13220.98,2,3,4,234,9,At Risk,0,At Risk
C00416,59,17,27934.09,4,5,5,455,14,Champions,2,Champions
C00417,397,3,1725.3899999999999,1,1,1,111,3,Dormant / Lost,3,Dormant / Lost
C00418,25,25,79764.92,5,5,5,555,15,Champions,2,Champions
C00419,284,4,3493.56,1,2,3,123,6,Needs Attention,3,Dormant / Lost
C00420,31,4,3875.1000000000004,5,2,3,523,10,New Customers,1,Price-Sensitive / Low-Value
C00421,127,17,25832.53,2,5,4,254,11,At Risk,0,At Risk
C00422,103,11,4211.57,3,4,3,343,10,Loyal Customers,0,At Risk
C00423,72,3,2330.64,3,1,2,312,6,Needs Attention,1,Price-Sensitive / Low-Value
C00424,20,2,2170.27,5,1,1,511,7,New Customers,1,Price-Sensitive / Low-Value
C00425,19,9,16993.02,5,3,4,534,12,Loyal Customers,0,At Risk
C00426,102,9,15809.38,3,3,4,334,10,Loyal Customers,0,At Risk
C00427,41,15,27578.22,4,5,5,455,14,Champions,2,Champions
C00428,22,30,92078.16,5,5,5,555,15,Champions,2,Champions
C00429,154,10,13569.23,2,4,4,244,10,At Risk,0,At Risk
C00430,30,16,30308.44,5,5,5,555,15,Champions,2,Champions
C00431,60,22,37533.51,4,5,5,455,14,Champions,2,Champions
C00432,29,14,27957.07,5,4,5,545,14,Champions,2,Champions
C00433,38,17,29878.85,4,5,5,455,14,Champions,2,Champions
C00434,54,18,37137.91,4,5,5,455,14,Champions,2,Champions
C00435,470,4,3421.59,1,2,2,122,5,Dormant / Lost,3,Dormant / Lost
C00436,25,23,70666.29,5,5,5,555,15,Champions,2,Champions
C00437,96,9,3170.96,3,3,2,332,8,Needs Attention,1,Price-Sensitive / Low-Value
C00438,22,17,29602.36,5,5,5,555,15,Champions,2,Champions
C00439,384,5,3000.7,1,2,2,122,5,Dormant / Lost,3,Dormant / Lost
C00440,14,16,30178.66,5,5,5,555,15,Champions,2,Champions
C00441,300,8,6966.58,1,3,3,133,7,At Risk,3,Dormant / Lost
C00442,89,10,3625.47,3,4,3,343,10,Loyal Customers,1,Price-Sensitive / Low-Value
C00443,16,25,79566.68,5,5,5,555,15,Champions,2,Champions
C00444,291,2,1449.8200000000002,1,1,1,111,3,Dormant / Lost,3,Dormant / Lost
C00445,33,3,3741.6,4,1,3,413,8,New Customers,1,Price-Sensitive / Low-Value
C00446,9,16,26783.18,5,5,5,555,15,Champions,2,Champions
C00447,77,9,2808.87,3,3,2,332,8,Needs Attention,1,Price-Sensitive / Low-Value
C00448,385,6,3759.5,1,3,3,133,7,At Risk,3,Dormant / Lost
C00449,73,3,3350.91,3,1,2,312,6,Needs Attention,1,Price-Sensitive / Low-Value
C00450,169,13,22352.6,2,4,4,244,10,At Risk,0,At Risk
C00451,66,8,3217.71,4,3,2,432,9,Needs Attention,1,Price-Sensitive / Low-Value
C00452,160,8,3980.94,2,3,3,233,8,At Risk,1,Price-Sensitive / Low-Value
C00453,322,1,265.69,1,1,1,111,3,Dormant / Lost,3,Dormant / Lost
C00454,111,9,3136.41,3,3,2,332,8,Needs Attention,1,Price-Sensitive / Low-Value
C00455,34,22,34415.92,4,5,5,455,14,Champions,2,Champions
C00456,366,3,2173.87,1,1,1,111,3,Dormant / Lost,3,Dormant / Lost
C00457,14,12,25105.17,5,4,4,544,13,Champions,2,Champions
C00458,47,11,20471.66,4,4,4,444,12,Champions,0,At Risk
C00459,88,1,1091.83,3,1,1,311,5,Needs Attention,1,Price-Sensitive / Low-Value
C00460,16,5,6378.6,5,2,3,523,10,New Customers,1,Price-Sensitive / Low-Value
C00461,50,25,91380.04,4,5,5,455,14,Champions,2,Champions
C00462,159,7,3045.71,2,3,2,232,7,Needs Attention,1,Price-Sensitive / Low-Value
C00463,217,9,14749.38,1,3,4,134,8,At Risk,0,At Risk
C00464,107,9,12232.91,3,3,4,334,10,Loyal Customers,0,At Risk
C00465,337,4,2626.07,1,2,2,122,5,Dormant / Lost,3,Dormant / Lost
C00466,108,14,22571.64,3,4,4,344,11,Loyal Customers,0,At Risk
C00467,11,25,78250.78,5,5,5,555,15,Champions,2,Champions
C00468,28,12,22724.7,5,4,4,544,13,Champions,2,Champions
C00469,400,5,3453.6499999999996,1,2,3,123,6,Needs Attention,3,Dormant / Lost
C00470,19,26,87894.23,5,5,5,555,15,Champions,2,Champions
C00471,169,8,10341.14,2,3,3,233,8,At Risk,0,At Risk
C00472,19,3,4173.12,5,1,3,513,9,New Customers,1,Price-Sensitive / Low-Value
C00473,87,5,5577.83,3,2,3,323,8,Needs Attention,1,Price-Sensitive / Low-Value
C00474,36,21,71046.34,4,5,5,455,14,Champions,2,Champions
C00475,49,4,3337.56,4,2,2,422,8,New Customers,1,Price-Sensitive / Low-Value
C00476,112,12,18056.47,3,4,4,344,11,Loyal Customers,0,At Risk
C00477,379,3,2273.6400000000003,1,1,2,112,4,Dormant / Lost,3,Dormant / Lost
C00478,46,19,36137.14,4,5,5,455,14,Champions,2,Champions
C00479,111,12,20271.260000000002,3,4,4,344,11,Loyal Customers,0,At Risk
C00480,186,4,8070.67,2,2,3,223,7,Needs Attention,1,Price-Sensitive / Low-Value
C00481,130,15,22113.12,2,5,4,254,11,At Risk,0,At Risk
C00482,148,9,4618.73,2,3,3,233,8,At Risk,0,At Risk
C00483,70,13,25326.51,3,4,4,344,11,Loyal Customers,2,Champions
C00484,36,8,12846.29,4,3,4,434,11,Loyal Customers,0,At Risk
C00485,145,4,1262.25,2,2,1,221,5,Dormant / Lost,1,Price-Sensitive / Low-Value
C00486,94,2,2066.89,3,1,1,311,5,Needs Attention,1,Price-Sensitive / Low-Value
C00487,213,11,17443.46,2,4,4,244,10,At Risk,0,At Risk
C00488,103,11,19043.84,3,4,4,344,11,Loyal Customers,0,At Risk
C00489,51,17,32951.24,4,5,5,455,14,Champions,2,Champions
C00490,23,29,90453.17,5,5,5,555,15,Champions,2,Champions
C00491,31,15,26696.21,5,5,5,555,15,Champions,2,Champions
C00492,46,2,2309.41,4,1,2,412,7,New Customers,1,Price-Sensitive / Low-Value
C00493,249,4,3307.8,1,2,2,122,5,Dormant / Lost,3,Dormant / Lost
C00494,276,10,14302.31,1,4,4,144,9,At Risk,0,At Risk
C00495,157,8,11260.04,2,3,3,233,8,At Risk,0,At Risk
C00496,98,22,38629.72,3,5,5,355,13,Loyal Customers,2,Champions
C00497,160,9,14113.78,2,3,4,234,9,At Risk,0,At Risk
C00498,15,19,69605.88,5,5,5,555,15,Champions,2,Champions
C00499,326,5,2466.24,1,2,2,122,5,Dormant / Lost,3,Dormant / Lost
C00500,116,11,5208.08,3,4,3,343,10,Loyal Customers,0,At Risk
C00501,307,2,915.63,1,1,1,111,3,Dormant / Lost,3,Dormant / Lost
C00502,265,6,5317.7,1,3,3,133,7,At Risk,3,Dormant / Lost
C00503,19,4,4768.77,5,2,3,523,10,New Customers,1,Price-Sensitive / Low-Value
C00504,41,3,3422.67,4,1,2,412,7,New Customers,1,Price-Sensitive / Low-Value
C00505,38,9,14555.85,4,3,4,434,11,Loyal Customers,0,At Risk
C00506,91,1,1206.77,3,1,1,311,5,Needs Attention,1,Price-Sensitive / Low-Value
C00507,415,1,802.68,1,1,1,111,3,Dormant / Lost,3,Dormant / Lost
C00508,4,24,80805.31999999999,5,5,5,555,15,Champions,2,Champions
C00509,184,2,1298.73,2,1,1,211,4,Dormant / Lost,1,Price-Sensitive / Low-Value
C00510,154,10,18955.37,2,4,4,244,10,At Risk,0,At Risk
C00511,423,4,3936.5,1,2,3,123,6,Needs Attention,3,Dormant / Lost
C00512,530,2,1405.02,1,1,1,111,3,Dormant / Lost,3,Dormant / Lost
C00513,127,5,1870.07,2,2,1,221,5,Dormant / Lost,1,Price-Sensitive / Low-Value
C00514,47,5,2070.88,4,2,1,421,7,New Customers,1,Price-Sensitive / Low-Value
C00515,122,4,4242.6,3,2,3,323,8,Needs Attention,1,Price-Sensitive / Low-Value
C00516,302,5,3740.35,1,2,3,123,6,Needs Attention,3,Dormant / Lost
C00517,322,6,4273.24,1,3,3,133,7,At Risk,3,Dormant / Lost
C00518,29,8,3051.2599999999998,5,3,2,532,10,Needs Attention,1,Price-Sensitive / Low-Value
C00519,64,9,4306.650000000001,4,3,3,433,10,Loyal Customers,1,Price-Sensitive / Low-Value
C00520,145,7,2352.38,2,3,2,232,7,Needs Attention,1,Price-Sensitive / Low-Value
C00521,151,3,2021.44,2,1,1,211,4,Dormant / Lost,1,Price-Sensitive / Low-Value
C00522,90,3,3241.83,3,1,2,312,6,Needs Attention,1,Price-Sensitive / Low-Value
C00523,469,5,3938.93,1,2,3,123,6,Needs Attention,3,Dormant / Lost
C00524,229,1,584.05,1,1,1,111,3,Dormant / Lost,3,Dormant / Lost
C00525,19,23,71659.31,5,5,5,555,15,Champions,2,Champions
C00526,123,9,15097.16,3,3,4,334,10,Loyal Customers,0,At Risk
C00527,28,3,4660.3099999999995,5,1,3,513,9,New Customers,1,Price-Sensitive / Low-Value
C00528,25,10,18420.559999999998,5,4,4,544,13,Champions,0,At Risk
C00529,47,16,30921.98,4,5,5,455,14,Champions,2,Champions
C00530,29,4,4726.67,5,2,3,523,10,New Customers,1,Price-Sensitive / Low-Value
C00531,57,12,22873.12,4,4,4,444,12,Champions,2,Champions
C00532,63,12,18404.38,4,4,4,444,12,Champions,0,At Risk
C00533,123,8,3405.48,3,3,2,332,8,Needs Attention,1,Price-Sensitive / Low-Value
C00534,342,6,4493.54,1,3,3,133,7,At Risk,3,Dormant / Lost
C00535,60,10,3762.6,4,4,3,443,11,Loyal Customers,1,Price-Sensitive / Low-Value
C00536,434,3,2318.63,1,1,2,112,4,Dormant / Lost,3,Dormant / Lost
C00537,37,5,1919.1,4,2,1,421,7,New Customers,1,Price-Sensitive / Low-Value
C00538,159,11,16272.51,2,4,4,244,10,At Risk,0,At Risk
C00539,115,7,2623.25,3,3,2,332,8,Needs Attention,1,Price-Sensitive / Low-Value
C00540,180,8,2925.2,2,3,2,232,7,Needs Attention,1,Price-Sensitive / Low-Value
C00541,146,10,12826.08,2,4,4,244,10,At Risk,0,At Risk
C00542,33,32,95542.26,4,5,5,455,14,Champions,2,Champions
C00543,160,4,1483.01,2,2,1,221,5,Dormant / Lost,1,Price-Sensitive / Low-Value
C00544,17,38,122173.91,5,5,5,555,15,Champions,2,Champions
C00545,117,3,1132.67,3,1,1,311,5,Needs Attention,1,Price-Sensitive / Low-Value
C00546,85,12,20485.46,3,4,4,344,11,Loyal Customers,0,At Risk
C00547,118,1,1209.75,3,1,1,311,5,Needs Attention,1,Price-Sensitive / Low-Value
C00548,93,3,2693.45,3,1,2,312,6,Needs Attention,1,Price-Sensitive / Low-Value
C00549,7,21,64785.87,5,5,5,555,15,Champions,2,Champions
C00550,247,9,13803.5,1,3,4,134,8,At Risk,0,At Risk
C00551,55,5,1850.1599999999999,4,2,1,421,7,New Customers,1,Price-Sensitive / Low-Value
C00552,265,6,5071.85,1,3,3,133,7,At Risk,3,Dormant / Lost
C00553,319,2,1761.1599999999999,1,1,1,111,3,Dormant / Lost,3,Dormant / Lost
C00554,91,3,5460.46,3,1,3,313,7,Needs Attention,1,Price-Sensitive / Low-Value
C00555,109,6,1989.35,3,3,1,331,7,Needs Attention,1,Price-Sensitive / Low-Value
C00556,159,10,16216.38,2,4,4,244,10,At Risk,0,At Risk
C00557,135,7,12086.59,2,3,3,233,8,At Risk,0,At Risk
C00558,47,13,24815.34,4,4,4,444,12,Champions,2,Champions
C00559,33,6,7787.74,4,3,3,433,10,Loyal Customers,1,Price-Sensitive / Low-Value
C00560,239,11,20456.48,1,4,4,144,9,At Risk,0,At Risk
C00561,30,16,31896.18,5,5,5,555,15,Champions,2,Champions
C00562,130,10,4582.39,2,4,3,243,9,At Risk,0,At Risk
C00563,224,2,1104.63,1,1,1,111,3,Dormant / Lost,3,Dormant / Lost
C00564,157,15,29322.95,2,5,5,255,12,At Risk,0,At Risk
C00565,36,22,66858.39,4,5,5,455,14,Champions,2,Champions
C00566,113,13,20798.98,3,4,4,344,11,Loyal Customers,0,At Risk
C00567,23,3,3183.2000000000003,5,1,2,512,8,New Customers,1,Price-Sensitive / Low-Value
C00568,87,12,5281.72,3,4,3,343,10,Loyal Customers,0,At Risk
C00569,188,11,16366.0,2,4,4,244,10,At Risk,0,At Risk
C00570,229,4,1538.95,1,2,1,121,4,Dormant / Lost,3,Dormant / Lost
C00571,306,6,2988.49,1,3,2,132,6,Needs Attention,3,Dormant / Lost
C00572,47,16,27123.97,4,5,5,455,14,Champions,2,Champions
C00573,522,5,4687.76,1,2,3,123,6,Needs Attention,3,Dormant / Lost
C00574,131,8,15447.43,2,3,4,234,9,At Risk,0,At Risk
C00575,34,20,37721.48,4,5,5,455,14,Champions,2,Champions
C00576,199,10,13927.76,2,4,4,244,10,At Risk,0,At Risk
C00577,11,14,24926.75,5,4,4,544,13,Champions,2,Champions
C00578,15,18,37196.09,5,5,5,555,15,Champions,2,Champions
C00579,212,13,20147.08,2,4,4,244,10,At Risk,0,At Risk
C00580,62,7,2599.8,4,3,2,432,9,Needs Attention,1,Price-Sensitive / Low-Value
C00581,375,8,6256.88,1,3,3,133,7,At Risk,3,Dormant / Lost
C00582,94,12,5102.61,3,4,3,343,10,Loyal Customers,0,At Risk
C00583,16,11,21217.579999999998,5,4,4,544,13,Champions,2,Champions
C00584,114,7,2896.17,3,3,2,332,8,Needs Attention,1,Price-Sensitive / Low-Value
C00585,196,5,2147.68,2,2,1,221,5,Dormant / Lost,1,Price-Sensitive / Low-Value
C00586,328,8,5403.46,1,3,3,133,7,At Risk,3,Dormant / Lost
C00587,142,3,1829.16,2,1,1,211,4,Dormant / Lost,1,Price-Sensitive / Low-Value
C00588,376,4,3463.1000000000004,1,2,3,123,6,Needs Attention,3,Dormant / Lost
C00589,199,6,8797.029999999999,2,3,3,233,8,At Risk,0,At Risk
C00590,95,7,2817.11,3,3,2,332,8,Needs Attention,1,Price-Sensitive / Low-Value
C00591,29,16,27549.2,5,5,5,555,15,Champions,2,Champions
C00592,334,3,2688.6,1,1,2,112,4,Dormant / Lost,3,Dormant / Lost
C00593,35,11,18315.09,4,4,4,444,12,Champions,0,At Risk
C00594,30,24,72977.54,5,5,5,555,15,Champions,2,Champions
C00595,6,14,25981.44,5,4,4,544,13,Champions,2,Champions
C00596,114,11,5206.1,3,4,3,343,10,Loyal Customers,0,At Risk
C00597,60,2,1410.5900000000001,4,1,1,411,6,New Customers,1,Price-Sensitive / Low-Value
C00598,47,2,2983.75,4,1,2,412,7,New Customers,1,Price-Sensitive / Low-Value
C00599,378,4,3326.3900000000003,1,2,2,122,5,Dormant / Lost,3,Dormant / Lost
C00600,326,1,441.1,1,1,1,111,3,Dormant / Lost,3,Dormant / Lost
C00601,129,10,14723.14,2,4,4,244,10,At Risk,0,At Risk
C00602,32,16,27768.23,5,5,5,555,15,Champions,2,Champions
C00603,84,5,4319.22,3,2,3,323,8,Needs Attention,1,Price-Sensitive / Low-Value
C00604,226,3,2397.38,1,1,2,112,4,Dormant / Lost,3,Dormant / Lost
C00605,131,4,5749.219999999999,2,2,3,223,7,Needs Attention,1,Price-Sensitive / Low-Value
C00606,109,7,2900.1800000000003,3,3,2,332,8,Needs Attention,1,Price-Sensitive / Low-Value
C00607,48,20,35354.92,4,5,5,455,14,Champions,2,Champions
C00608,458,3,2429.59,1,1,2,112,4,Dormant / Lost,3,Dormant / Lost
C00609,67,6,2479.71,4,3,2,432,9,Needs Attention,1,Price-Sensitive / Low-Value
C00610,72,2,2624.95,3,1,2,312,6,Needs Attention,1,Price-Sensitive / Low-Value
C00611,37,29,93072.51000000001,4,5,5,455,14,Champions,2,Champions
C00612,339,1,413.65,1,1,1,111,3,Dormant / Lost,3,Dormant / Lost
C00613,102,5,2349.71,3,2,2,322,7,Needs Attention,1,Price-Sensitive / Low-Value
C00614,33,16,26464.93,4,5,5,455,14,Champions,2,Champions
C00615,123,7,2786.7200000000003,3,3,2,332,8,Needs Attention,1,Price-Sensitive / Low-Value
C00616,71,7,2941.2599999999998,3,3,2,332,8,Needs Attention,1,Price-Sensitive / Low-Value
C00617,255,1,825.14,1,1,1,111,3,Dormant / Lost,3,Dormant / Lost
C00618,129,6,2061.4900000000002,2,3,1,231,6,Needs Attention,1,Price-Sensitive / Low-Value
C00619,112,3,992.69,3,1,1,311,5,Needs Attention,1,Price-Sensitive / Low-Value
C00620,502,4,2965.71,1,2,2,122,5,Dormant / Lost,3,Dormant / Lost
C00621,22,26,88402.04,5,5,5,555,15,Champions,2,Champions
C00622,19,16,30548.16,5,5,5,555,15,Champions,2,Champions
C00623,11,16,28182.59,5,5,5,555,15,Champions,2,Champions
C00624,58,11,4097.29,4,4,3,443,11,Loyal Customers,0,At Risk
C00625,77,9,3271.81,3,3,2,332,8,Needs Attention,1,Price-Sensitive / Low-Value
C00626,252,4,4059.97,1,2,3,123,6,Needs Attention,3,Dormant / Lost
C00627,115,7,3132.31,3,3,2,332,8,Needs Attention,1,Price-Sensitive / Low-Value
C00628,23,5,5315.82,5,2,3,523,10,New Customers,1,Price-Sensitive / Low-Value
C00629,118,4,2638.0699999999997,3,2,2,322,7,Needs Attention,1,Price-Sensitive / Low-Value
C00630,56,17,32677.54,4,5,5,455,14,Champions,2,Champions
C00631,533,1,1134.3,1,1,1,111,3,Dormant / Lost,3,Dormant / Lost
C00632,149,11,19511.03,2,4,4,244,10,At Risk,0,At Risk
C00633,126,5,2264.3199999999997,2,2,1,221,5,Dormant / Lost,1,Price-Sensitive / Low-Value
C00634,107,8,2745.37,3,3,2,332,8,Needs Attention,1,Price-Sensitive / Low-Value
C00635,73,8,4041.7400000000002,3,3,3,333,9,Loyal Customers,1,Price-Sensitive / Low-Value
C00636,53,18,31301.52,4,5,5,455,14,Champions,2,Champions
C00637,145,2,2299.74,2,1,2,212,5,Dormant / Lost,1,Price-Sensitive / Low-Value
C00638,76,2,1015.63,3,1,1,311,5,Needs Attention,1,Price-Sensitive / Low-Value
C00639,395,5,4464.93,1,2,3,123,6,Needs Attention,3,Dormant / Lost
C00640,145,3,2488.67,2,1,2,212,5,Dormant / Lost,1,Price-Sensitive / Low-Value
C00641,398,3,2388.18,1,1,2,112,4,Dormant / Lost,3,Dormant / Lost
C00642,196,5,7559.72,2,2,3,223,7,Needs Attention,0,At Risk
C00643,72,1,647.83,3,1,1,311,5,Needs Attention,1,Price-Sensitive / Low-Value
C00644,48,8,3119.67,4,3,2,432,9,Needs Attention,1,Price-Sensitive / Low-Value
C00645,85,10,3963.98,3,4,3,343,10,Loyal Customers,1,Price-Sensitive / Low-Value
C00646,407,5,3000.08,1,2,2,122,5,Dormant / Lost,3,Dormant / Lost
C00647,211,4,1236.36,2,2,1,221,5,Dormant / Lost,1,Price-Sensitive / Low-Value
C00648,172,2,3301.81,2,1,2,212,5,Dormant / Lost,1,Price-Sensitive / Low-Value
C00649,8,27,90657.46,5,5,5,555,15,Champions,2,Champions
C00650,180,12,20386.9,2,4,4,244,10,At Risk,0,At Risk
C00651,154,14,25163.05,2,4,4,244,10,At Risk,0,At Risk
C00652,73,5,2382.33,3,2,2,322,7,Needs Attention,1,Price-Sensitive / Low-Value
C00653,45,20,35807.75,4,5,5,455,14,Champions,2,Champions
C00654,36,21,36810.2,4,5,5,455,14,Champions,2,Champions
C00655,47,13,24141.88,4,4,4,444,12,Champions,2,Champions
C00656,42,20,34861.62,4,5,5,455,14,Champions,2,Champions
C00657,164,13,24828.85,2,4,4,244,10,At Risk,0,At Risk
C00658,287,6,4697.0,1,3,3,133,7,At Risk,3,Dormant / Lost
C00659,83,3,912.92,3,1,1,311,5,Needs Attention,1,Price-Sensitive / Low-Value
C00660,99,4,2065.52,3,2,1,321,6,Needs Attention,1,Price-Sensitive / Low-Value
C00661,130,5,2202.9,2,2,1,221,5,Dormant / Lost,1,Price-Sensitive / Low-Value
C00662,37,18,34086.24,4,5,5,455,14,Champions,2,Champions
C00663,302,7,6019.8,1,3,3,133,7,At Risk,3,Dormant / Lost
C00664,15,9,17050.02,5,3,4,534,12,Loyal Customers,0,At Risk
C00665,159,11,18790.38,2,4,4,244,10,At Risk,0,At Risk
C00666,143,5,2285.31,2,2,2,222,6,Dormant / Lost,1,Price-Sensitive / Low-Value
C00667,36,11,18530.61,4,4,4,444,12,Champions,0,At Risk
C00668,108,9,2923.4500000000003,3,3,2,332,8,Needs Attention,1,Price-Sensitive / Low-Value
C00669,209,10,14427.05,2,4,4,244,10,At Risk,0,At Risk
C00670,50,8,3872.97,4,3,3,433,10,Loyal Customers,1,Price-Sensitive / Low-Value
C00671,89,4,4042.97,3,2,3,323,8,Needs Attention,1,Price-Sensitive / Low-Value
C00672,17,17,32732.22,5,5,5,555,15,Champions,2,Champions
C00673,55,6,2123.76,4,3,1,431,8,Needs Attention,1,Price-Sensitive / Low-Value
C00674,21,19,34331.26,5,5,5,555,15,Champions,2,Champions
C00675,53,5,6025.91,4,2,3,423,9,New Customers,1,Price-Sensitive / Low-Value
C00676,10,36,118263.13,5,5,5,555,15,Champions,2,Champions
C00677,124,7,2203.7999999999997,3,3,1,331,7,Needs Attention,1,Price-Sensitive / Low-Value
C00678,28,4,1132.6299999999999,5,2,1,521,8,New Customers,1,Price-Sensitive / Low-Value
C00679,164,9,15404.79,2,3,4,234,9,At Risk,0,At Risk
C00680,74,2,1368.79,3,1,1,311,5,Needs Attention,1,Price-Sensitive / Low-Value
C00681,250,5,4181.84,1,2,3,123,6,Needs Attention,3,Dormant / Lost
C00682,31,8,2591.65,5,3,2,532,10,Needs Attention,1,Price-Sensitive / Low-Value
C00683,123,5,1714.15,3,2,1,321,6,Needs Attention,1,Price-Sensitive / Low-Value
C00684,49,14,23955.91,4,4,4,444,12,Champions,2,Champions
C00685,111,8,3296.8900000000003,3,3,2,332,8,Needs Attention,1,Price-Sensitive / Low-Value
C00686,25,13,24954.04,5,4,4,544,13,Champions,2,Champions
C00687,68,14,29494.34,4,4,5,445,13,Champions,2,Champions
C00688,291,6,4109.32,1,3,3,133,7,At Risk,3,Dormant / Lost
C00689,112,7,2641.52,3,3,2,332,8,Needs Attention,1,Price-Sensitive / Low-Value
C00690,101,2,2278.02,3,1,2,312,6,Needs Attention,1,Price-Sensitive / Low-Value
C00691,227,15,21502.170000000002,1,5,4,154,10,At Risk,0,At Risk
C00692,34,7,2582.06,4,3,2,432,9,Needs Attention,1,Price-Sensitive / Low-Value
C00693,38,23,74217.24,4,5,5,455,14,Champions,2,Champions
C00694,55,15,24178.739999999998,4,5,4,454,13,Champions,2,Champions
C00695,23,22,73855.87,5,5,5,555,15,Champions,2,Champions
C00696,52,3,3689.58,4,1,3,413,8,New Customers,1,Price-Sensitive / Low-Value
C00697,19,8,2745.52,5,3,2,532,10,Needs Attention,1,Price-Sensitive / Low-Value
C00698,25,23,70823.51,5,5,5,555,15,Champions,2,Champions
C00699,113,13,5587.47,3,4,3,343,10,Loyal Customers,0,At Risk
C00700,32,11,20788.17,5,4,4,544,13,Champions,2,Champions
C00701,167,5,1573.6399999999999,2,2,1,221,5,Dormant / Lost,1,Price-Sensitive / Low-Value
C00702,463,2,1624.48,1,1,1,111,3,Dormant / Lost,3,Dormant / Lost
C00703,82,7,2498.9,3,3,2,332,8,Needs Attention,1,Price-Sensitive / Low-Value
C00704,325,5,4887.37,1,2,3,123,6,Needs Attention,3,Dormant / Lost
C00705,343,3,1802.29,1,1,1,111,3,Dormant / Lost,3,Dormant / Lost
C00706,139,4,6039.51,2,2,3,223,7,Needs Attention,1,Price-Sensitive / Low-Value
C00707,124,5,1851.9,3,2,1,321,6,Needs Attention,1,Price-Sensitive / Low-Value
C00708,281,4,3336.37,1,2,2,122,5,Dormant / Lost,3,Dormant / Lost
C00709,130,12,17606.77,2,4,4,244,10,At Risk,0,At Risk
C00710,23,10,21402.35,5,4,4,544,13,Champions,2,Champions
C00711,368,2,1422.74,1,1,1,111,3,Dormant / Lost,3,Dormant / Lost
C00712,231,3,1056.94,1,1,1,111,3,Dormant / Lost,3,Dormant / Lost
C00713,26,16,28099.52,5,5,5,555,15,Champions,2,Champions
C00714,70,1,1134.87,3,1,1,311,5,Needs Attention,1,Price-Sensitive / Low-Value
C00715,183,6,2904.95,2,3,2,232,7,Needs Attention,1,Price-Sensitive / Low-Value
C00716,24,4,4979.64,5,2,3,523,10,New Customers,1,Price-Sensitive / Low-Value
C00717,60,6,2098.02,4,3,1,431,8,Needs Attention,1,Price-Sensitive / Low-Value
C00718,137,5,2214.94,2,2,1,221,5,Dormant / Lost,1,Price-Sensitive / Low-Value
C00719,106,5,1729.18,3,2,1,321,6,Needs Attention,1,Price-Sensitive / Low-Value
C00720,36,4,5313.15,4,2,3,423,9,New Customers,1,Price-Sensitive / Low-Value
C00721,24,8,3204.25,5,3,2,532,10,Needs Attention,1,Price-Sensitive / Low-Value
C00722,116,6,2382.68,3,3,2,332,8,Needs Attention,1,Price-Sensitive / Low-Value
C00723,78,6,2761.75,3,3,2,332,8,Needs Attention,1,Price-Sensitive / Low-Value
C00724,187,7,11669.16,2,3,3,233,8,At Risk,0,At Risk
C00725,200,7,9722.529999999999,2,3,3,233,8,At Risk,0,At Risk
C00726,324,3,2124.78,1,1,1,111,3,Dormant / Lost,3,Dormant / Lost
C00727,70,13,22992.46,3,4,4,344,11,Loyal Customers,2,Champions
C00728,52,12,21488.36,4,4,4,444,12,Champions,2,Champions
C00729,19,4,4139.21,5,2,3,523,10,New Customers,1,Price-Sensitive / Low-Value
C00730,247,2,2221.74,1,1,1,111,3,Dormant / Lost,3,Dormant / Lost
C00731,34,13,23360.79,4,4,4,444,12,Champions,2,Champions
C00732,29,14,22570.12,5,4,4,544,13,Champions,2,Champions
C00733,37,39,129633.82,4,5,5,455,14,Champions,2,Champions
C00734,113,7,2023.81,3,3,1,331,7,Needs Attention,1,Price-Sensitive / Low-Value
C00735,12,10,18345.96,5,4,4,544,13,Champions,2,Champions
C00736,171,12,18582.12,2,4,4,244,10,At Risk,0,At Risk
C00737,157,2,1757.31,2,1,1,211,4,Dormant / Lost,1,Price-Sensitive / Low-Value
C00738,64,5,3762.68,4,2,3,423,9,New Customers,1,Price-Sensitive / Low-Value
C00739,118,10,13997.59,3,4,4,344,11,Loyal Customers,0,At Risk
C00740,25,19,35759.909999999996,5,5,5,555,15,Champions,2,Champions
C00741,74,4,5478.74,3,2,3,323,8,Needs Attention,1,Price-Sensitive / Low-Value
C00742,454,4,3485.71,1,2,3,123,6,Needs Attention,3,Dormant / Lost
C00743,127,5,1824.32,2,2,1,221,5,Dormant / Lost,1,Price-Sensitive / Low-Value
C00744,131,3,2001.58,2,1,1,211,4,Dormant / Lost,1,Price-Sensitive / Low-Value
C00745,228,1,685.29,1,1,1,111,3,Dormant / Lost,3,Dormant / Lost
C00746,34,23,75299.08,4,5,5,455,14,Champions,2,Champions
C00747,32,4,1254.44,5,2,1,521,8,New Customers,1,Price-Sensitive / Low-Value
C00748,209,9,9763.52,2,3,3,233,8,At Risk,0,At Risk
C00749,38,1,1452.62,4,1,1,411,6,New Customers,1,Price-Sensitive / Low-Value
C00750,54,21,33375.71,4,5,5,455,14,Champions,2,Champions
C00751,174,16,29196.29,2,5,5,255,12,At Risk,0,At Risk
C00752,265,6,3043.68,1,3,2,132,6,Needs Attention,3,Dormant / Lost
C00753,36,11,22854.49,4,4,4,444,12,Champions,2,Champions
C00754,331,2,1555.28,1,1,1,111,3,Dormant / Lost,3,Dormant / Lost
C00755,16,23,76131.62,5,5,5,555,15,Champions,2,Champions
C00756,49,14,26492.920000000002,4,4,5,445,13,Champions,2,Champions
C00757,347,5,3428.09,1,2,2,122,5,Dormant / Lost,3,Dormant / Lost
C00758,112,11,4994.91,3,4,3,343,10,Loyal Customers,0,At Risk
C00759,112,3,1522.33,3,1,1,311,5,Needs Attention,1,Price-Sensitive / Low-Value
C00760,1,21,37693.05,5,5,5,555,15,Champions,2,Champions
C00761,93,4,3325.47,3,2,2,322,7,Needs Attention,1,Price-Sensitive / Low-Value
C00762,102,8,3082.93,3,3,2,332,8,Needs Attention,1,Price-Sensitive / Low-Value
C00763,97,4,1836.83,3,2,1,321,6,Needs Attention,1,Price-Sensitive / Low-Value
C00764,254,1,1024.47,1,1,1,111,3,Dormant / Lost,3,Dormant / Lost
C00765,406,3,2598.36,1,1,2,112,4,Dormant / Lost,3,Dormant / Lost
C00766,110,5,1768.96,3,2,1,321,6,Needs Attention,1,Price-Sensitive / Low-Value
C00767,398,5,3985.43,1,2,3,123,6,Needs Attention,3,Dormant / Lost
C00768,174,7,2974.87,2,3,2,232,7,Needs Attention,1,Price-Sensitive / Low-Value
C00769,78,9,3381.63,3,3,2,332,8,Needs Attention,1,Price-Sensitive / Low-Value
C00770,90,11,17897.6,3,4,4,344,11,Loyal Customers,0,At Risk
C00771,147,18,29547.2,2,5,5,255,12,At Risk,0,At Risk
C00772,546,2,811.68,1,1,1,111,3,Dormant / Lost,3,Dormant / Lost
C00773,45,19,33667.12,4,5,5,455,14,Champions,2,Champions
C00774,8,15,27889.57,5,5,5,555,15,Champions,2,Champions
C00775,165,6,11218.85,2,3,3,233,8,At Risk,0,At Risk
C00776,28,16,28190.63,5,5,5,555,15,Champions,2,Champions
C00777,441,4,2175.15,1,2,1,121,4,Dormant / Lost,3,Dormant / Lost
C00778,454,1,1062.73,1,1,1,111,3,Dormant / Lost,3,Dormant / Lost
C00779,56,3,3804.05,4,1,3,413,8,New Customers,1,Price-Sensitive / Low-Value
C00780,28,28,87599.2,5,5,5,555,15,Champions,2,Champions
C00781,101,3,1431.81,3,1,1,311,5,Needs Attention,1,Price-Sensitive / Low-Value
C00782,153,8,3885.99,2,3,3,233,8,At Risk,1,Price-Sensitive / Low-Value
C00783,397,6,3414.1800000000003,1,3,2,132,6,Needs Attention,3,Dormant / Lost
C00784,32,3,5351.58,5,1,3,513,9,New Customers,1,Price-Sensitive / Low-Value
C00785,130,12,16775.74,2,4,4,244,10,At Risk,0,At Risk
C00786,128,2,2057.51,2,1,1,211,4,Dormant / Lost,1,Price-Sensitive / Low-Value
C00787,396,4,3816.7,1,2,3,123,6,Needs Attention,3,Dormant / Lost
C00788,97,6,2440.19,3,3,2,332,8,Needs Attention,1,Price-Sensitive / Low-Value
C00789,217,5,1947.06,1,2,1,121,4,Dormant / Lost,1,Price-Sensitive / Low-Value
C00790,56,14,24934.04,4,4,4,444,12,Champions,2,Champions
C00791,183,4,1416.48,2,2,1,221,5,Dormant / Lost,1,Price-Sensitive / Low-Value
C00792,30,6,2435.39,5,3,2,532,10,Needs Attention,1,Price-Sensitive / Low-Value
C00793,133,8,14000.73,2,3,4,234,9,At Risk,0,At Risk
C00794,79,2,2034.19,3,1,1,311,5,Needs Attention,1,Price-Sensitive / Low-Value
C00795,196,15,23332.190000000002,2,5,4,254,11,At Risk,0,At Risk
C00796,28,15,25116.23,5,5,4,554,14,Champions,2,Champions
C00797,19,16,47742.2,5,5,5,555,15,Champions,2,Champions
C00798,213,13,21418.99,2,4,4,244,10,At Risk,0,At Risk
C00799,30,2,2859.88,5,1,2,512,8,New Customers,1,Price-Sensitive / Low-Value
C00800,15,29,98677.44,5,5,5,555,15,Champions,2,Champions
C00801,187,7,12520.470000000001,2,3,4,234,9,At Risk,0,At Risk
C00802,326,2,1567.75,1,1,1,111,3,Dormant / Lost,3,Dormant / Lost
C00803,30,6,2544.5699999999997,5,3,2,532,10,Needs Attention,1,Price-Sensitive / Low-Value
C00804,94,5,2891.62,3,2,2,322,7,Needs Attention,1,Price-Sensitive / Low-Value
C00805,223,9,13589.67,1,3,4,134,8,At Risk,0,At Risk
C00806,34,5,1425.72,4,2,1,421,7,New Customers,1,Price-Sensitive / Low-Value
C00807,17,23,41402.07,5,5,5,555,15,Champions,2,Champions
C00808,459,5,2679.83,1,2,2,122,5,Dormant / Lost,3,Dormant / Lost
C00809,42,21,36559.0,4,5,5,455,14,Champions,2,Champions
C00810,30,5,1628.1100000000001,5,2,1,521,8,New Customers,1,Price-Sensitive / Low-Value
C00811,198,8,15856.21,2,3,4,234,9,At Risk,0,At Risk
C00812,54,6,2088.75,4,3,1,431,8,Needs Attention,1,Price-Sensitive / Low-Value
C00813,27,3,3694.52,5,1,3,513,9,New Customers,1,Price-Sensitive / Low-Value
C00814,135,1,1500.95,2,1,1,211,4,Dormant / Lost,1,Price-Sensitive / Low-Value
C00815,5,16,29311.67,5,5,5,555,15,Champions,2,Champions
C00816,109,11,3900.64,3,4,3,343,10,Loyal Customers,0,At Risk
C00817,356,7,5234.13,1,3,3,133,7,At Risk,3,Dormant / Lost
C00818,362,3,1648.23,1,1,1,111,3,Dormant / Lost,3,Dormant / Lost
C00819,4,34,102936.44,5,5,5,555,15,Champions,2,Champions
C00820,112,12,22247.43,3,4,4,344,11,Loyal Customers,0,At Risk
C00821,323,6,3622.2,1,3,3,133,7,At Risk,3,Dormant / Lost
C00822,54,1,425.85,4,1,1,411,6,New Customers,1,Price-Sensitive / Low-Value
C00823,136,5,2040.4399999999998,2,2,1,221,5,Dormant / Lost,1,Price-Sensitive / Low-Value
C00824,234,6,4226.78,1,3,3,133,7,At Risk,1,Price-Sensitive / Low-Value
C00825,341,4,3176.74,1,2,2,122,5,Dormant / Lost,3,Dormant / Lost
C00826,154,2,2623.96,2,1,2,212,5,Dormant / Lost,1,Price-Sensitive / Low-Value
C00827,57,2,2782.7,4,1,2,412,7,New Customers,1,Price-Sensitive / Low-Value
C00828,140,12,15893.04,2,4,4,244,10,At Risk,0,At Risk
C00829,202,5,1775.81,2,2,1,221,5,Dormant / Lost,1,Price-Sensitive / Low-Value
C00830,174,17,26854.27,2,5,5,255,12,At Risk,0,At Risk
C00831,62,14,23329.17,4,4,4,444,12,Champions,2,Champions
C00832,162,14,21794.03,2,4,4,244,10,At Risk,0,At Risk
C00833,40,18,31755.44,4,5,5,455,14,Champions,2,Champions
C00834,45,7,2976.29,4,3,2,432,9,Needs Attention,1,Price-Sensitive / Low-Value
C00835,40,8,3278.05,4,3,2,432,9,Needs Attention,1,Price-Sensitive / Low-Value
C00836,94,2,1498.3,3,1,1,311,5,Needs Attention,1,Price-Sensitive / Low-Value
C00837,147,8,11132.94,2,3,3,233,8,At Risk,0,At Risk
C00838,228,2,544.79,1,1,1,111,3,Dormant / Lost,3,Dormant / Lost
C00839,11,24,76689.03,5,5,5,555,15,Champions,2,Champions
C00840,162,6,1404.92,2,3,1,231,6,Needs Attention,1,Price-Sensitive / Low-Value
C00841,203,3,2099.09,2,1,1,211,4,Dormant / Lost,1,Price-Sensitive / Low-Value
C00842,79,3,2935.32,3,1,2,312,6,Needs Attention,1,Price-Sensitive / Low-Value
C00843,23,4,4206.74,5,2,3,523,10,New Customers,1,Price-Sensitive / Low-Value
C00844,394,4,3367.54,1,2,2,122,5,Dormant / Lost,3,Dormant / Lost
C00845,28,17,30356.02,5,5,5,555,15,Champions,2,Champions
C00846,164,3,3758.45,2,1,3,213,6,Needs Attention,1,Price-Sensitive / Low-Value
C00847,118,3,3975.61,3,1,3,313,7,Needs Attention,1,Price-Sensitive / Low-Value
C00848,15,22,37162.6,5,5,5,555,15,Champions,2,Champions
C00849,398,1,652.09,1,1,1,111,3,Dormant / Lost,3,Dormant / Lost
C00850,294,4,3775.48,1,2,3,123,6,Needs Attention,3,Dormant / Lost
C00851,41,7,2078.04,4,3,1,431,8,Needs Attention,1,Price-Sensitive / Low-Value
C00852,38,18,32540.04,4,5,5,455,14,Champions,2,Champions
C00853,28,12,24854.31,5,4,4,544,13,Champions,2,Champions
C00854,70,6,2418.77,3,3,2,332,8,Needs Attention,1,Price-Sensitive / Low-Value
C00855,33,31,86591.21,4,5,5,455,14,Champions,2,Champions
C00856,75,8,3064.91,3,3,2,332,8,Needs Attention,1,Price-Sensitive / Low-Value
C00857,66,3,3278.39,4,1,2,412,7,New Customers,1,Price-Sensitive / Low-Value
C00858,56,5,1919.37,4,2,1,421,7,New Customers,1,Price-Sensitive / Low-Value
C00859,99,5,1700.48,3,2,1,321,6,Needs Attention,1,Price-Sensitive / Low-Value
C00860,164,7,12185.21,2,3,3,233,8,At Risk,0,At Risk
C00861,28,13,21719.11,5,4,4,544,13,Champions,2,Champions
C00862,128,11,13083.49,2,4,4,244,10,At Risk,0,At Risk
C00863,115,5,6903.68,3,2,3,323,8,Needs Attention,1,Price-Sensitive / Low-Value
C00864,103,5,2323.48,3,2,2,322,7,Needs Attention,1,Price-Sensitive / Low-Value
C00865,93,5,2568.16,3,2,2,322,7,Needs Attention,1,Price-Sensitive / Low-Value
C00866,55,8,3518.4700000000003,4,3,3,433,10,Loyal Customers,1,Price-Sensitive / Low-Value
C00867,374,4,2370.5600000000004,1,2,2,122,5,Dormant / Lost,3,Dormant / Lost
C00868,193,11,14788.13,2,4,4,244,10,At Risk,0,At Risk
C00869,40,24,72229.84,4,5,5,455,14,Champions,2,Champions
C00870,154,6,10519.45,2,3,3,233,8,At Risk,0,At Risk
C00871,85,6,2734.14,3,3,2,332,8,Needs Attention,1,Price-Sensitive / Low-Value
C00872,25,5,4996.86,5,2,3,523,10,New Customers,1,Price-Sensitive / Low-Value
C00873,473,4,3135.23,1,2,2,122,5,Dormant / Lost,3,Dormant / Lost
C00874,48,2,1829.17,4,1,1,411,6,New Customers,1,Price-Sensitive / Low-Value
C00875,266,5,4603.55,1,2,3,123,6,Needs Attention,3,Dormant / Lost
C00876,288,8,7035.49,1,3,3,133,7,At Risk,0,At Risk
C00877,19,27,91323.58,5,5,5,555,15,Champions,2,Champions
C00878,78,4,3602.55,3,2,3,323,8,Needs Attention,1,Price-Sensitive / Low-Value
C00879,35,6,2344.96,4,3,2,432,9,Needs Attention,1,Price-Sensitive / Low-Value
C00880,37,14,24740.38,4,4,4,444,12,Champions,2,Champions
C00881,174,6,9680.92,2,3,3,233,8,At Risk,0,At Risk
C00882,187,3,1634.83,2,1,1,211,4,Dormant / Lost,1,Price-Sensitive / Low-Value
C00883,55,16,29516.14,4,5,5,455,14,Champions,2,Champions
C00884,58,7,3619.7799999999997,4,3,3,433,10,Loyal Customers,1,Price-Sensitive / Low-Value
C00885,63,11,3615.36,4,4,3,443,11,Loyal Customers,1,Price-Sensitive / Low-Value
C00886,70,14,25368.59,3,4,4,344,11,Loyal Customers,2,Champions
C00887,61,4,4696.84,4,2,3,423,9,New Customers,1,Price-Sensitive / Low-Value
C00888,31,19,31379.53,5,5,5,555,15,Champions,2,Champions
C00889,192,5,2000.62,2,2,1,221,5,Dormant / Lost,1,Price-Sensitive / Low-Value
C00890,62,18,31589.96,4,5,5,455,14,Champions,2,Champions
C00891,339,3,2849.06,1,1,2,112,4,Dormant / Lost,3,Dormant / Lost
C00892,38,4,4997.02,4,2,3,423,9,New Customers,1,Price-Sensitive / Low-Value
C00893,31,18,35145.28,5,5,5,555,15,Champions,2,Champions
C00894,156,3,4252.41,2,1,3,213,6,Needs Attention,1,Price-Sensitive / Low-Value
C00895,145,14,26204.22,2,4,5,245,11,At Risk,0,At Risk
C00896,167,7,8817.85,2,3,3,233,8,At Risk,0,At Risk
C00897,71,9,3810.15,3,3,3,333,9,Loyal Customers,1,Price-Sensitive / Low-Value
C00898,34,5,5213.5,4,2,3,423,9,New Customers,1,Price-Sensitive / Low-Value
C00899,44,7,12058.84,4,3,3,433,10,Loyal Customers,0,At Risk
C00900,20,20,63024.46,5,5,5,555,15,Champions,2,Champions
C00901,220,7,2783.28,1,3,2,132,6,Needs Attention,1,Price-Sensitive / Low-Value
C00902,150,2,1964.29,2,1,1,211,4,Dormant / Lost,1,Price-Sensitive / Low-Value
C00903,122,14,19379.15,3,4,4,344,11,Loyal Customers,0,At Risk
C00904,397,3,1953.8200000000002,1,1,1,111,3,Dormant / Lost,3,Dormant / Lost
C00905,161,13,19735.89,2,4,4,244,10,At Risk,0,At Risk
C00906,84,9,3671.51,3,3,3,333,9,Loyal Customers,1,Price-Sensitive / Low-Value
C00907,143,15,26168.13,2,5,5,255,12,At Risk,0,At Risk
C00908,9,31,93410.61,5,5,5,555,15,Champions,2,Champions
C00909,254,5,3791.2,1,2,3,123,6,Needs Attention,3,Dormant / Lost
C00910,131,16,24383.12,2,5,4,254,11,At Risk,0,At Risk
C00911,106,10,3716.99,3,4,3,343,10,Loyal Customers,1,Price-Sensitive / Low-Value
C00912,70,16,27848.08,3,5,5,355,13,Loyal Customers,2,Champions
C00913,273,9,3393.55,1,3,2,132,6,Needs Attention,3,Dormant / Lost
C00914,279,4,2503.4700000000003,1,2,2,122,5,Dormant / Lost,3,Dormant / Lost
C00915,50,18,61375.75,4,5,5,455,14,Champions,2,Champions
C00916,135,5,3619.62,2,2,3,223,7,Needs Attention,1,Price-Sensitive / Low-Value
C00917,80,2,2314.83,3,1,2,312,6,Needs Attention,1,Price-Sensitive / Low-Value
C00918,82,6,2462.4700000000003,3,3,2,332,8,Needs Attention,1,Price-Sensitive / Low-Value
C00919,17,2,2473.03,5,1,2,512,8,New Customers,1,Price-Sensitive / Low-Value
C00920,427,4,2073.38,1,2,1,121,4,Dormant / Lost,3,Dormant / Lost
C00921,9,33,109027.94,5,5,5,555,15,Champions,2,Champions
C00922,8,15,26386.25,5,5,5,555,15,Champions,2,Champions
C00923,439,1,659.09,1,1,1,111,3,Dormant / Lost,3,Dormant / Lost
C00924,12,12,4360.27,5,4,3,543,12,Loyal Customers,0,At Risk
C00925,29,25,83881.52,5,5,5,555,15,Champions,2,Champions
C00926,57,2,2260.41,4,1,1,411,6,New Customers,1,Price-Sensitive / Low-Value
C00927,56,6,8499.869999999999,4,3,3,433,10,Loyal Customers,1,Price-Sensitive / Low-Value
C00928,185,13,20183.57,2,4,4,244,10,At Risk,0,At Risk
C00929,204,7,10199.06,2,3,3,233,8,At Risk,0,At Risk
C00930,97,10,3905.91,3,4,3,343,10,Loyal Customers,0,At Risk
C00931,26,16,29078.43,5,5,5,555,15,Champions,2,Champions
C00932,26,6,2406.89,5,3,2,532,10,Needs Attention,1,Price-Sensitive / Low-Value
C00933,403,8,5171.349999999999,1,3,3,133,7,At Risk,3,Dormant / Lost
C00934,143,8,11636.72,2,3,3,233,8,At Risk,0,At Risk
C00935,223,12,27478.68,1,4,5,145,10,At Risk,0,At Risk
C00936,255,11,18034.8,1,4,4,144,9,At Risk,0,At Risk
C00937,241,1,1267.86,1,1,1,111,3,Dormant / Lost,3,Dormant / Lost
C00938,64,1,273.18,4,1,1,411,6,New Customers,1,Price-Sensitive / Low-Value
C00939,182,9,11867.869999999999,2,4,3,243,9,At Risk,0,At Risk
C00940,123,5,1827.1100000000001,3,2,1,321,6,Needs Attention,1,Price-Sensitive / Low-Value
C00941,197,9,15161.27,2,4,4,244,10,At Risk,0,At Risk
C00942,160,8,12600.02,2,3,4,234,9,At Risk,0,At Risk
C00943,32,20,62379.96,5,5,5,555,15,Champions,2,Champions
C00944,24,32,98972.96,5,5,5,555,15,Champions,2,Champions
C00945,66,13,22323.46,4,4,4,444,12,Champions,2,Champions
C00946,131,10,17169.57,2,4,4,244,10,At Risk,0,At Risk
C00947,229,4,2752.4700000000003,1,2,2,122,5,Dormant / Lost,3,Dormant / Lost
C00948,159,3,1196.68,2,1,1,211,4,Dormant / Lost,1,Price-Sensitive / Low-Value
C00949,26,18,31957.38,5,5,5,555,15,Champions,2,Champions
C00950,29,13,25579.6,5,4,4,544,13,Champions,2,Champions
C00951,27,11,21635.760000000002,5,4,4,544,13,Champions,2,Champions
C00952,123,15,25268.510000000002,3,5,4,354,12,Loyal Customers,0,At Risk
C00953,80,5,4743.3,3,2,3,323,8,Needs Attention,1,Price-Sensitive / Low-Value
C00954,31,1,1255.67,5,1,1,511,7,New Customers,1,Price-Sensitive / Low-Value
C00955,21,16,28465.09,5,5,5,555,15,Champions,2,Champions
C00956,58,16,28029.75,4,5,5,455,14,Champions,2,Champions
C00957,10,28,89179.37,5,5,5,555,15,Champions,2,Champions
C00958,30,17,32106.66,5,5,5,555,15,Champions,2,Champions
C00959,91,7,2526.71,3,3,2,332,8,Needs Attention,1,Price-Sensitive / Low-Value
C00960,48,24,41063.27,4,5,5,455,14,Champions,2,Champions
C00961,49,4,5943.0199999999995,4,2,3,423,9,New Customers,1,Price-Sensitive / Low-Value
C00962,91,5,2297.89,3,2,2,322,7,Needs Attention,1,Price-Sensitive / Low-Value
C00963,431,4,3820.1800000000003,1,2,3,123,6,Needs Attention,3,Dormant / Lost
C00964,427,3,2134.69,1,1,1,111,3,Dormant / Lost,3,Dormant / Lost
C00965,93,4,1663.65,3,2,1,321,6,Needs Attention,1,Price-Sensitive / Low-Value
C00966,24,25,78292.73,5,5,5,555,15,Champions,2,Champions
C00967,46,4,5481.37,4,2,3,423,9,New Customers,1,Price-Sensitive / Low-Value
C00968,77,6,2515.45,3,3,2,332,8,Needs Attention,1,Price-Sensitive / Low-Value
C00969,5,31,104128.91,5,5,5,555,15,Champions,2,Champions
C00970,49,3,3266.9300000000003,4,1,2,412,7,New Customers,1,Price-Sensitive / Low-Value
C00971,228,5,3524.9300000000003,1,2,3,123,6,Needs Attention,1,Price-Sensitive / Low-Value
C00972,30,6,5767.72,5,3,3,533,11,Loyal Customers,1,Price-Sensitive / Low-Value
C00973,24,21,71594.28,5,5,5,555,15,Champions,2,Champions
C00974,25,22,71288.04,5,5,5,555,15,Champions,2,Champions
C00975,84,9,13799.029999999999,3,4,4,344,11,Loyal Customers,0,At Risk
C00976,32,13,24486.68,5,4,4,544,13,Champions,2,Champions
C00977,149,6,2282.78,2,3,2,232,7,Needs Attention,1,Price-Sensitive / Low-Value
C00978,99,4,1558.34,3,2,1,321,6,Needs Attention,1,Price-Sensitive / Low-Value
C00979,1,14,21597.48,5,4,4,544,13,Champions,2,Champions
C00980,390,2,1086.31,1,1,1,111,3,Dormant / Lost,3,Dormant / Lost
C00981,41,2,2494.1,4,1,2,412,7,New Customers,1,Price-Sensitive / Low-Value
C00982,28,16,26841.170000000002,5,5,5,555,15,Champions,2,Champions
C00983,48,6,2417.85,4,3,2,432,9,Needs Attention,1,Price-Sensitive / Low-Value
C00984,78,3,1558.06,3,1,1,311,5,Needs Attention,1,Price-Sensitive / Low-Value
C00985,13,8,3247.14,5,3,2,532,10,Needs Attention,1,Price-Sensitive / Low-Value
C00986,388,4,3122.9,1,2,2,122,5,Dormant / Lost,3,Dormant / Lost
C00987,143,7,3129.2799999999997,2,3,2,232,7,Needs Attention,1,Price-Sensitive / Low-Value
C00988,460,3,2274.44,1,1,2,112,4,Dormant / Lost,3,Dormant / Lost
C00989,43,3,3027.01,4,1,2,412,7,New Customers,1,Price-Sensitive / Low-Value
C00990,142,7,3171.93,2,3,2,232,7,Needs Attention,1,Price-Sensitive / Low-Value
C00991,334,3,1331.11,1,1,1,111,3,Dormant / Lost,3,Dormant / Lost
C00992,27,9,3020.41,5,4,2,542,11,Needs Attention,1,Price-Sensitive / Low-Value
C00993,44,21,38984.07,4,5,5,455,14,Champions,2,Champions
C00994,41,5,7565.66,4,2,3,423,9,New Customers,1,Price-Sensitive / Low-Value
C00995,46,9,3519.25,4,4,3,443,11,Loyal Customers,1,Price-Sensitive / Low-Value
C00996,29,14,29750.68,5,4,5,545,14,Champions,2,Champions
C00997,321,4,3122.65,1,2,2,122,5,Dormant / Lost,3,Dormant / Lost
C00998,50,14,27040.39,4,4,5,445,13,Champions,2,Champions
C00999,81,12,23507.8,3,4,4,344,11,Loyal Customers,0,At Risk
C01000,401,6,4158.53,1,3,3,133,7,At Risk,3,Dormant / Lost
C01001,193,2,2039.49,2,1,1,211,4,Dormant / Lost,1,Price-Sensitive / Low-Value
C01002,12,19,65939.25,5,5,5,555,15,Champions,2,Champions
C01003,199,7,3043.62,2,3,2,232,7,Needs Attention,1,Price-Sensitive / Low-Value
C01004,195,9,2849.5699999999997,2,4,2,242,8,Needs Attention,1,Price-Sensitive / Low-Value
C01005,50,28,92232.48,4,5,5,455,14,Champions,2,Champions
C01006,418,4,2768.48,1,2,2,122,5,Dormant / Lost,3,Dormant / Lost
C01007,69,1,2157.22,4,1,1,411,6,New Customers,1,Price-Sensitive / Low-Value
C01008,134,4,4644.71,2,2,3,223,7,Needs Attention,1,Price-Sensitive / Low-Value
C01009,46,1,1389.1,4,1,1,411,6,New Customers,1,Price-Sensitive / Low-Value
C01010,104,6,2039.98,3,3,1,331,7,Needs Attention,1,Price-Sensitive / Low-Value
C01011,29,18,35189.67,5,5,5,555,15,Champions,2,Champions
C01012,198,11,16117.98,2,4,4,244,10,At Risk,0,At Risk
C01013,112,1,2031.61,3,1,1,311,5,Needs Attention,1,Price-Sensitive / Low-Value
C01014,409,3,1883.0,1,1,1,111,3,Dormant / Lost,3,Dormant / Lost
C01015,3,21,58656.09,5,5,5,555,15,Champions,2,Champions
C01016,120,6,3190.33,3,3,2,332,8,Needs Attention,1,Price-Sensitive / Low-Value
C01017,380,3,1295.9,1,1,1,111,3,Dormant / Lost,3,Dormant / Lost
C01018,28,14,24127.760000000002,5,4,4,544,13,Champions,2,Champions
C01019,7,28,81881.38,5,5,5,555,15,Champions,2,Champions
C01020,177,12,20115.170000000002,2,4,4,244,10,At Risk,0,At Risk
C01021,91,11,4066.13,3,4,3,343,10,Loyal Customers,0,At Risk
C01022,27,11,18694.19,5,4,4,544,13,Champions,2,Champions
C01023,181,14,21183.58,2,4,4,244,10,At Risk,0,At Risk
C01024,74,4,4121.9,3,2,3,323,8,Needs Attention,1,Price-Sensitive / Low-Value
C01025,106,12,4422.32,3,4,3,343,10,Loyal Customers,0,At Risk
C01026,19,15,26141.0,5,5,5,555,15,Champions,2,Champions
C01027,221,12,17031.94,1,4,4,144,9,At Risk,0,At Risk
C01028,27,4,1350.23,5,2,1,521,8,New Customers,1,Price-Sensitive / Low-Value
C01029,367,3,2556.41,1,1,2,112,4,Dormant / Lost,3,Dormant / Lost
C01030,253,3,1907.47,1,1,1,111,3,Dormant / Lost,3,Dormant / Lost
C01031,72,2,1426.47,3,1,1,311,5,Needs Attention,1,Price-Sensitive / Low-Value
C01032,207,12,19882.05,2,4,4,244,10,At Risk,0,At Risk
C01033,181,7,10591.21,2,3,3,233,8,At Risk,0,At Risk
C01034,29,15,28760.31,5,5,5,555,15,Champions,2,Champions
C01035,47,10,16787.59,4,4,4,444,12,Champions,0,At Risk
C01036,69,8,3047.79,4,3,2,432,9,Needs Attention,1,Price-Sensitive / Low-Value
C01037,5,15,34126.83,5,5,5,555,15,Champions,2,Champions
C01038,31,12,18649.010000000002,5,4,4,544,13,Champions,2,Champions
C01039,350,4,3274.83,1,2,2,122,5,Dormant / Lost,3,Dormant / Lost
C01040,17,13,24694.100000000002,5,4,4,544,13,Champions,2,Champions
C01041,33,18,33034.36,4,5,5,455,14,Champions,2,Champions
C01042,36,11,17398.86,4,4,4,444,12,Champions,0,At Risk
C01043,1,5,5394.280000000001,5,2,3,523,10,New Customers,1,Price-Sensitive / Low-Value
C01044,29,9,2843.31,5,4,2,542,11,Needs Attention,1,Price-Sensitive / Low-Value
C01045,153,15,29876.37,2,5,5,255,12,At Risk,0,At Risk
C01046,64,1,1710.94,4,1,1,411,6,New Customers,1,Price-Sensitive / Low-Value
C01047,62,9,3055.79,4,4,2,442,10,Needs Attention,1,Price-Sensitive / Low-Value
C01048,470,1,877.11,1,1,1,111,3,Dormant / Lost,3,Dormant / Lost
C01049,313,3,2464.95,1,1,2,112,4,Dormant / Lost,3,Dormant / Lost
C01050,318,1,515.77,1,1,1,111,3,Dormant / Lost,3,Dormant / Lost
C01051,43,2,2948.27,4,1,2,412,7,New Customers,1,Price-Sensitive / Low-Value
C01052,60,14,24801.11,4,4,4,444,12,Champions,2,Champions
C01053,44,14,22599.89,4,4,4,444,12,Champions,2,Champions
C01054,17,25,89574.20999999999,5,5,5,555,15,Champions,2,Champions
C01055,87,7,2949.29,3,3,2,332,8,Needs Attention,1,Price-Sensitive / Low-Value
C01056,491,3,1977.72,1,1,1,111,3,Dormant / Lost,3,Dormant / Lost
C01057,23,4,5946.19,5,2,3,523,10,New Customers,1,Price-Sensitive / Low-Value
C01058,20,25,79637.76,5,5,5,555,15,Champions,2,Champions
C01059,80,4,4447.26,3,2,3,323,8,Needs Attention,1,Price-Sensitive / Low-Value
C01060,306,4,2872.49,1,2,2,122,5,Dormant / Lost,3,Dormant / Lost
C01061,94,5,1394.79,3,2,1,321,6,Needs Attention,1,Price-Sensitive / Low-Value
C01062,233,2,1709.38,1,1,1,111,3,Dormant / Lost,3,Dormant / Lost
C01063,192,5,2926.74,2,2,2,222,6,Dormant / Lost,1,Price-Sensitive / Low-Value
C01064,264,3,2220.37,1,1,1,111,3,Dormant / Lost,3,Dormant / Lost
C01065,108,3,1154.69,3,1,1,311,5,Needs Attention,1,Price-Sensitive / Low-Value
C01066,131,6,2112.8199999999997,2,3,1,231,6,Needs Attention,1,Price-Sensitive / Low-Value
C01067,44,20,37431.18,4,5,5,455,14,Champions,2,Champions
C01068,21,22,70713.04,5,5,5,555,15,Champions,2,Champions
C01069,58,5,6032.23,4,2,3,423,9,New Customers,1,Price-Sensitive / Low-Value
C01070,53,19,32811.21,4,5,5,455,14,Champions,2,Champions
C01071,360,8,6234.29,1,3,3,133,7,At Risk,3,Dormant / Lost
C01072,91,12,18718.54,3,4,4,344,11,Loyal Customers,0,At Risk
C01073,363,3,2387.55,1,1,2,112,4,Dormant / Lost,3,Dormant / Lost
C01074,159,10,20787.35,2,4,4,244,10,At Risk,0,At Risk
C01075,125,17,25267.27,2,5,4,254,11,At Risk,0,At Risk
C01076,356,4,1949.24,1,2,1,121,4,Dormant / Lost,3,Dormant / Lost
C01077,215,4,6177.360000000001,2,2,3,223,7,Needs Attention,1,Price-Sensitive / Low-Value
C01078,173,12,18855.5,2,4,4,244,10,At Risk,0,At Risk
C01079,22,8,14250.93,5,3,4,534,12,Loyal Customers,0,At Risk
C01080,59,7,3207.67,4,3,2,432,9,Needs Attention,1,Price-Sensitive / Low-Value
C01081,167,11,17681.17,2,4,4,244,10,At Risk,0,At Risk
C01082,115,7,2521.0299999999997,3,3,2,332,8,Needs Attention,1,Price-Sensitive / Low-Value
C01083,122,6,2207.0099999999998,3,3,1,331,7,Needs Attention,1,Price-Sensitive / Low-Value
C01084,127,7,2985.9500000000003,2,3,2,232,7,Needs Attention,1,Price-Sensitive / Low-Value
C01085,130,8,3178.45,2,3,2,232,7,Needs Attention,1,Price-Sensitive / Low-Value
C01086,85,2,2276.38,3,1,2,312,6,Needs Attention,1,Price-Sensitive / Low-Value
C01087,164,13,21123.32,2,4,4,244,10,At Risk,0,At Risk
C01088,378,2,1225.31,1,1,1,111,3,Dormant / Lost,3,Dormant / Lost
C01089,186,11,16287.56,2,4,4,244,10,At Risk,0,At Risk
C01090,106,2,1716.78,3,1,1,311,5,Needs Attention,1,Price-Sensitive / Low-Value
C01091,143,13,21917.74,2,4,4,244,10,At Risk,0,At Risk
C01092,187,3,2894.76,2,1,2,212,5,Dormant / Lost,1,Price-Sensitive / Low-Value
C01093,100,2,1691.3899999999999,3,1,1,311,5,Needs Attention,1,Price-Sensitive / Low-Value
C01094,210,17,26886.870000000003,2,5,5,255,12,At Risk,0,At Risk
C01095,98,10,3536.74,3,4,3,343,10,Loyal Customers,1,Price-Sensitive / Low-Value
C01096,87,6,2442.2599999999998,3,3,2,332,8,Needs Attention,1,Price-Sensitive / Low-Value
C01097,42,17,29674.56,4,5,5,455,14,Champions,2,Champions
C01098,240,1,1201.93,1,1,1,111,3,Dormant / Lost,3,Dormant / Lost
C01099,94,9,4458.8099999999995,3,4,3,343,10,Loyal Customers,1,Price-Sensitive / Low-Value
C01100,393,6,4754.6,1,3,3,133,7,At Risk,3,Dormant / Lost
C01101,145,8,3286.6,2,3,2,232,7,Needs Attention,1,Price-Sensitive / Low-Value
C01102,126,8,12878.07,2,3,4,234,9,At Risk,0,At Risk
C01103,24,12,22259.39,5,4,4,544,13,Champions,2,Champions
C01104,636,1,592.98,1,1,1,111,3,Dormant / Lost,3,Dormant / Lost
C01105,284,6,4398.56,1,3,3,133,7,At Risk,3,Dormant / Lost
C01106,57,14,25446.09,4,4,4,444,12,Champions,2,Champions
C01107,70,14,25494.69,3,4,4,344,11,Loyal Customers,2,Champions
C01108,80,8,3809.3599999999997,3,3,3,333,9,Loyal Customers,1,Price-Sensitive / Low-Value
C01109,159,14,24634.22,2,4,4,244,10,At Risk,0,At Risk
C01110,106,10,15882.24,3,4,4,344,11,Loyal Customers,0,At Risk
C01111,47,12,21188.72,4,4,4,444,12,Champions,2,Champions
C01112,92,8,13866.34,3,3,4,334,10,Loyal Customers,0,At Risk
C01113,179,8,14069.07,2,3,4,234,9,At Risk,0,At Risk
C01114,70,6,3320.47,3,3,2,332,8,Needs Attention,1,Price-Sensitive / Low-Value
C01115,192,10,16855.04,2,4,4,244,10,At Risk,0,At Risk
C01116,122,11,16631.18,3,4,4,344,11,Loyal Customers,0,At Risk
C01117,111,15,24185.43,3,5,4,354,12,Loyal Customers,0,At Risk
C01118,61,3,4194.78,4,1,3,413,8,New Customers,1,Price-Sensitive / Low-Value
C01119,48,14,25264.71,4,4,4,444,12,Champions,2,Champions
C01120,55,3,3124.29,4,1,2,412,7,New Customers,1,Price-Sensitive / Low-Value
C01121,49,8,2565.45,4,3,2,432,9,Needs Attention,1,Price-Sensitive / Low-Value
C01122,22,27,92083.89,5,5,5,555,15,Champions,2,Champions
C01123,7,23,73281.03,5,5,5,555,15,Champions,2,Champions
C01124,25,30,96943.14,5,5,5,555,15,Champions,2,Champions
C01125,69,1,1230.5,4,1,1,411,6,New Customers,1,Price-Sensitive / Low-Value
C01126,86,4,1533.03,3,2,1,321,6,Needs Attention,1,Price-Sensitive / Low-Value
C01127,34,29,98251.4,4,5,5,455,14,Champions,2,Champions
C01128,374,3,1394.23,1,1,1,111,3,Dormant / Lost,3,Dormant / Lost
C01129,51,11,20917.5,4,4,4,444,12,Champions,0,At Risk
C01130,279,2,1057.36,1,1,1,111,3,Dormant / Lost,3,Dormant / Lost
C01131,63,5,6154.14,4,2,3,423,9,New Customers,1,Price-Sensitive / Low-Value
C01132,161,11,4249.55,2,4,3,243,9,At Risk,0,At Risk
C01133,104,4,4059.6000000000004,3,2,3,323,8,Needs Attention,1,Price-Sensitive / Low-Value
C01134,29,4,4505.22,5,2,3,523,10,New Customers,1,Price-Sensitive / Low-Value
C01135,217,7,4040.3199999999997,1,3,3,133,7,At Risk,1,Price-Sensitive / Low-Value
C01136,96,8,2920.88,3,3,2,332,8,Needs Attention,1,Price-Sensitive / Low-Value
C01137,103,4,4262.59,3,2,3,323,8,Needs Attention,1,Price-Sensitive / Low-Value
C01138,44,18,34090.1,4,5,5,455,14,Champions,2,Champions
C01139,55,14,26442.36,4,4,5,445,13,Champions,2,Champions
C01140,245,2,1249.6100000000001,1,1,1,111,3,Dormant / Lost,3,Dormant / Lost
C01141,142,2,3201.01,2,1,2,212,5,Dormant / Lost,1,Price-Sensitive / Low-Value
C01142,158,3,3857.61,2,1,3,213,6,Needs Attention,1,Price-Sensitive / Low-Value
C01143,78,6,1925.67,3,3,1,331,7,Needs Attention,1,Price-Sensitive / Low-Value
C01144,272,10,8044.42,1,4,3,143,8,At Risk,0,At Risk
C01145,74,6,2331.38,3,3,2,332,8,Needs Attention,1,Price-Sensitive / Low-Value
C01146,80,5,1456.63,3,2,1,321,6,Needs Attention,1,Price-Sensitive / Low-Value
C01147,69,13,5942.89,4,4,3,443,11,Loyal Customers,0,At Risk
C01148,147,9,19881.29,2,4,4,244,10,At Risk,0,At Risk
C01149,88,13,25058.52,3,4,4,344,11,Loyal Customers,0,At Risk
C01150,386,1,456.9,1,1,1,111,3,Dormant / Lost,3,Dormant / Lost
C01151,197,10,13908.21,2,4,4,244,10,At Risk,0,At Risk
C01152,330,3,1866.15,1,1,1,111,3,Dormant / Lost,3,Dormant / Lost
C01153,11,29,90112.08,5,5,5,555,15,Champions,2,Champions
C01154,31,26,82815.79,5,5,5,555,15,Champions,2,Champions
C01155,306,6,4684.04,1,3,3,133,7,At Risk,3,Dormant / Lost
C01156,102,7,3315.34,3,3,2,332,8,Needs Attention,1,Price-Sensitive / Low-Value
C01157,127,14,22856.24,2,4,4,244,10,At Risk,0,At Risk
C01158,94,4,947.85,3,2,1,321,6,Needs Attention,1,Price-Sensitive / Low-Value
C01159,59,11,4689.63,4,4,3,443,11,Loyal Customers,0,At Risk
C01160,10,4,4155.98,5,2,3,523,10,New Customers,1,Price-Sensitive / Low-Value
C01161,34,13,23240.41,4,4,4,444,12,Champions,2,Champions
C01162,412,4,2977.51,1,2,2,122,5,Dormant / Lost,3,Dormant / Lost
C01163,312,3,2612.9300000000003,1,1,2,112,4,Dormant / Lost,3,Dormant / Lost
C01164,14,12,21696.95,5,4,4,544,13,Champions,2,Champions
C01165,375,3,2502.3,1,1,2,112,4,Dormant / Lost,3,Dormant / Lost
C01166,341,8,5029.32,1,3,3,133,7,At Risk,3,Dormant / Lost
C01167,86,4,4114.84,3,2,3,323,8,Needs Attention,1,Price-Sensitive / Low-Value
C01168,228,5,2113.6,1,2,1,121,4,Dormant / Lost,1,Price-Sensitive / Low-Value
C01169,198,12,18810.05,2,4,4,244,10,At Risk,0,At Risk
C01170,190,8,13129.28,2,3,4,234,9,At Risk,0,At Risk
C01171,49,8,3225.95,4,3,2,432,9,Needs Attention,1,Price-Sensitive / Low-Value
C01172,362,6,4927.48,1,3,3,133,7,At Risk,3,Dormant / Lost
C01173,20,4,2124.69,5,2,1,521,8,New Customers,1,Price-Sensitive / Low-Value
C01174,53,3,3729.49,4,2,3,423,9,New Customers,1,Price-Sensitive / Low-Value
C01175,41,9,16781.69,4,4,4,444,12,Champions,0,At Risk
C01176,22,22,67455.12,5,5,5,555,15,Champions,2,Champions
C01177,215,3,2973.27,2,2,2,222,6,Dormant / Lost,1,Price-Sensitive / Low-Value
C01178,4,22,69147.77,5,5,5,555,15,Champions,2,Champions
C01179,32,3,4736.88,5,2,3,523,10,New Customers,1,Price-Sensitive / Low-Value
C01180,111,9,13905.22,3,4,4,344,11,Loyal Customers,0,At Risk
C01181,165,9,3882.75,2,4,3,243,9,At Risk,0,At Risk
C01182,107,10,17589.63,3,4,4,344,11,Loyal Customers,0,At Risk
C01183,114,4,1115.46,3,2,1,321,6,Needs Attention,1,Price-Sensitive / Low-Value
C01184,200,2,2392.9,2,1,2,212,5,Dormant / Lost,1,Price-Sensitive / Low-Value
C01185,12,25,79967.06,5,5,5,555,15,Champions,2,Champions
C01186,20,28,83515.01,5,5,5,555,15,Champions,2,Champions
C01187,187,13,20817.22,2,4,4,244,10,At Risk,0,At Risk
C01188,378,6,4739.59,1,3,3,133,7,At Risk,3,Dormant / Lost
C01189,38,16,31674.62,4,5,5,455,14,Champions,2,Champions
C01190,98,3,1497.01,3,2,1,321,6,Needs Attention,1,Price-Sensitive / Low-Value
C01191,176,4,3467.8599999999997,2,2,3,223,7,Needs Attention,1,Price-Sensitive / Low-Value
C01192,219,5,1869.1399999999999,1,2,1,121,4,Dormant / Lost,1,Price-Sensitive / Low-Value
C01193,39,18,34912.39,4,5,5,455,14,Champions,2,Champions
C01194,263,3,1874.08,1,2,1,121,4,Dormant / Lost,3,Dormant / Lost
C01195,27,12,26237.61,5,4,5,545,14,Champions,2,Champions
C01196,105,3,3986.7599999999998,3,2,3,323,8,Needs Attention,1,Price-Sensitive / Low-Value
C01197,285,3,1540.1899999999998,1,2,1,121,4,Dormant / Lost,3,Dormant / Lost
C01198,89,8,2695.6,3,3,2,332,8,Needs Attention,1,Price-Sensitive / Low-Value
C01199,105,16,27419.59,3,5,5,355,13,Loyal Customers,2,Champions
C01200,180,12,21506.52,2,4,4,244,10,At Risk,0,At Risk
